[
{
    "pk": 1, 
    "model": "auth.group", 
    "fields": {
        "name": "Editors", 
        "permissions": [
            [
                "add_userprofile", 
                "account", 
                "userprofile"
            ], 
            [
                "change_userprofile", 
                "account", 
                "userprofile"
            ], 
            [
                "delete_userprofile", 
                "account", 
                "userprofile"
            ], 
            [
                "add_group", 
                "auth", 
                "group"
            ], 
            [
                "change_group", 
                "auth", 
                "group"
            ], 
            [
                "delete_group", 
                "auth", 
                "group"
            ], 
            [
                "add_user", 
                "auth", 
                "user"
            ], 
            [
                "change_user", 
                "auth", 
                "user"
            ], 
            [
                "delete_user", 
                "auth", 
                "user"
            ], 
            [
                "add_article", 
                "story", 
                "article"
            ], 
            [
                "change_article", 
                "story", 
                "article"
            ], 
            [
                "delete_article", 
                "story", 
                "article"
            ], 
            [
                "add_tag", 
                "taggit", 
                "tag"
            ], 
            [
                "change_tag", 
                "taggit", 
                "tag"
            ], 
            [
                "delete_tag", 
                "taggit", 
                "tag"
            ], 
            [
                "add_taggeditem", 
                "taggit", 
                "taggeditem"
            ], 
            [
                "change_taggeditem", 
                "taggit", 
                "taggeditem"
            ], 
            [
                "delete_taggeditem", 
                "taggit", 
                "taggeditem"
            ]
        ]
    }
},
{
    "pk": 2, 
    "model": "auth.group", 
    "fields": {
        "name": "Reporters", 
        "permissions": [
            [
                "add_article", 
                "story", 
                "article"
            ], 
            [
                "change_article", 
                "story", 
                "article"
            ], 
            [
                "delete_article", 
                "story", 
                "article"
            ], 
            [
                "add_tag", 
                "taggit", 
                "tag"
            ], 
            [
                "change_tag", 
                "taggit", 
                "tag"
            ], 
            [
                "delete_tag", 
                "taggit", 
                "tag"
            ], 
            [
                "add_taggeditem", 
                "taggit", 
                "taggeditem"
            ], 
            [
                "change_taggeditem", 
                "taggit", 
                "taggeditem"
            ], 
            [
                "delete_taggeditem", 
                "taggit", 
                "taggeditem"
            ]
        ]
    }
},
{
    "pk": 1, 
    "model": "auth.user", 
    "fields": {
        "username": "anthony", 
        "first_name": "Anthony", 
        "last_name": "Roberts, Technology Consultant", 
        "is_active": true, 
        "is_superuser": true, 
        "is_staff": true, 
        "last_login": "2014-03-07T10:47:11.345", 
        "groups": [], 
        "user_permissions": [], 
        "password": "pbkdf2_sha256$12000$fR0AT9IPAFOG$Tf/PqhYBxXR9iG7+2P6P5//BYAgTI03sqG9g0IxHfrs=", 
        "email": "nns.aroberts@gmail.com", 
        "date_joined": "2014-02-10T17:45:41"
    }
},
{
    "pk": 2, 
    "model": "auth.user", 
    "fields": {
        "username": "mkquinlan", 
        "first_name": "Mary Kay", 
        "last_name": "Quinlan", 
        "is_active": true, 
        "is_superuser": false, 
        "is_staff": true, 
        "last_login": "2014-02-10T17:48:06", 
        "groups": [
            [
                "Editors"
            ], 
            [
                "Reporters"
            ]
        ], 
        "user_permissions": [], 
        "password": "pbkdf2_sha256$10000$qIvlhGLIwozr$e7qwmJbmJywQNsq3DQgvJmSjQBzTX59+PSBhkzR7FUI=", 
        "email": "nns.mkquinlan@gmail.com", 
        "date_joined": "2014-02-10T17:48:06"
    }
},
{
    "pk": 3, 
    "model": "auth.user", 
    "fields": {
        "username": "8780dea644fd0508ba719bc77b42de", 
        "first_name": "", 
        "last_name": "", 
        "is_active": true, 
        "is_superuser": false, 
        "is_staff": false, 
        "last_login": "2014-02-11T09:25:02.976", 
        "groups": [], 
        "user_permissions": [], 
        "password": "pbkdf2_sha256$10000$om17Vi0Y0Fw4$xcd38QqAPkpm8tAewS9xxzKwMpi67gToOb0w6kY1P88=", 
        "email": "newprofile42456@gmail.com", 
        "date_joined": "2014-02-11T09:25:02.976"
    }
},
{
    "pk": 4, 
    "model": "auth.user", 
    "fields": {
        "username": "special", 
        "first_name": "Anthony", 
        "last_name": "Roberts", 
        "is_active": true, 
        "is_superuser": false, 
        "is_staff": true, 
        "last_login": "2014-03-06T16:42:30.898", 
        "groups": [], 
        "user_permissions": [], 
        "password": "pbkdf2_sha256$12000$LpLbVNlcHk0w$nMoJerEw6UgXueFtpkj62JfPc+qb42vInGxDePSnF0U=", 
        "email": "anthony@lincolnultimate.com", 
        "date_joined": "2014-02-12T07:38:08"
    }
},
{
    "pk": 5, 
    "model": "auth.user", 
    "fields": {
        "username": "1ca3020150a79498da25a0496b070a", 
        "first_name": "", 
        "last_name": "", 
        "is_active": false, 
        "is_superuser": false, 
        "is_staff": false, 
        "last_login": "2014-02-12T13:10:48.569", 
        "groups": [], 
        "user_permissions": [], 
        "password": "pbkdf2_sha256$10000$MN28Hifx78PW$Zu+V1JY+sG4N1fqVBJRKuwUVr1wQPAsUNQQHLIpspwk=", 
        "email": "forked2@gmail.com", 
        "date_joined": "2014-02-12T13:10:48.569"
    }
},
{
    "pk": 6, 
    "model": "auth.user", 
    "fields": {
        "username": "77b75d9551f2e8105d7dc61760714d", 
        "first_name": "", 
        "last_name": "", 
        "is_active": true, 
        "is_superuser": false, 
        "is_staff": false, 
        "last_login": "2014-02-12T13:19:59.562", 
        "groups": [], 
        "user_permissions": [], 
        "password": "pbkdf2_sha256$10000$hrjl7wXqpB00$xNw+Rb59eaVAqhBmV5ulZyVlQzdkJIKZ1+svJntdX38=", 
        "email": "forked3@gmail.com", 
        "date_joined": "2014-02-12T13:18:00.945"
    }
},
{
    "pk": 7, 
    "model": "auth.user", 
    "fields": {
        "username": "f326d9e311a0f89441a62b4b608184", 
        "first_name": "", 
        "last_name": "", 
        "is_active": false, 
        "is_superuser": false, 
        "is_staff": false, 
        "last_login": "2014-02-12T15:11:30.791", 
        "groups": [], 
        "user_permissions": [], 
        "password": "pbkdf2_sha256$10000$kCzgelbM83rw$mFDBJrpq7QrcGPfXDww2TabIKJW8setXan+Jp0j/KsE=", 
        "email": "reporter2@gmail.com", 
        "date_joined": "2014-02-12T15:11:30.791"
    }
},
{
    "pk": 8, 
    "model": "auth.user", 
    "fields": {
        "username": "d9309e82863ff44bf3576a9a1bcb62", 
        "first_name": "", 
        "last_name": "", 
        "is_active": true, 
        "is_superuser": false, 
        "is_staff": false, 
        "last_login": "2014-02-20T12:41:11.916", 
        "groups": [], 
        "user_permissions": [], 
        "password": "pbkdf2_sha256$10000$VCaeMtZoPpeE$u2VESbFnIJLtzXGFJeZj3FSWhVMLf/XZmvknjmOKF6E=", 
        "email": "forked5@gmail.com", 
        "date_joined": "2014-02-12T16:55:41.946"
    }
},
{
    "pk": 9, 
    "model": "auth.user", 
    "fields": {
        "username": "jmoore", 
        "first_name": "Joseph", 
        "last_name": "Moore", 
        "is_active": true, 
        "is_superuser": false, 
        "is_staff": true, 
        "last_login": "2014-03-12T07:21:11.544", 
        "groups": [
            [
                "Reporters"
            ]
        ], 
        "user_permissions": [], 
        "password": "pbkdf2_sha256$12000$yHGCgqY9YqT8$mcC2ojYlRpd6a80ufW7gALd72l0NdSB3j9NP3ilWJ3k=", 
        "email": "nns.jmoore@gmail.com", 
        "date_joined": "2014-02-12T17:00:31"
    }
},
{
    "pk": 10, 
    "model": "auth.user", 
    "fields": {
        "username": "6b4a86b609a08a20b9f4b41f5222f8", 
        "first_name": "", 
        "last_name": "", 
        "is_active": false, 
        "is_superuser": false, 
        "is_staff": false, 
        "last_login": "2014-02-12T17:01:34", 
        "groups": [], 
        "user_permissions": [], 
        "password": "pbkdf2_sha256$10000$JT01kuBKRvel$npiUV2Vpe64OIkKLggrbavpvL9BuOniL4tvTA+98Br0=", 
        "email": "forked7@gmail.com", 
        "date_joined": "2014-02-12T17:01:34"
    }
},
{
    "pk": 11, 
    "model": "auth.user", 
    "fields": {
        "username": "837499538fc638372f1473c8a6c765", 
        "first_name": "", 
        "last_name": "", 
        "is_active": true, 
        "is_superuser": false, 
        "is_staff": false, 
        "last_login": "2014-02-12T17:05:30.562", 
        "groups": [], 
        "user_permissions": [], 
        "password": "pbkdf2_sha256$10000$BimlpV2iJpkr$N5tPzxU3jI++4zLSclPNE7HG/wmg5GVhIzLGpCZ7MVk=", 
        "email": "forked8@gmail.com", 
        "date_joined": "2014-02-12T17:04:40.110"
    }
},
{
    "pk": 12, 
    "model": "auth.user", 
    "fields": {
        "username": "52fd73f550275c8f074e5a8acde83b", 
        "first_name": "", 
        "last_name": "", 
        "is_active": true, 
        "is_superuser": false, 
        "is_staff": false, 
        "last_login": "2014-02-13T09:58:31.742", 
        "groups": [], 
        "user_permissions": [], 
        "password": "pbkdf2_sha256$10000$wkdDt3hprJdZ$qTCoH97AH4N4+k+msfyHkdN8/KVhW+JjdX/uZ5mgFZs=", 
        "email": "forked9@gmail.com", 
        "date_joined": "2014-02-13T09:57:52.261"
    }
},
{
    "pk": 13, 
    "model": "auth.user", 
    "fields": {
        "username": "e8f27ed8130ced0c83bc446a862988", 
        "first_name": "", 
        "last_name": "", 
        "is_active": true, 
        "is_superuser": false, 
        "is_staff": false, 
        "last_login": "2014-02-13T13:02:13.814", 
        "groups": [], 
        "user_permissions": [], 
        "password": "pbkdf2_sha256$10000$VRVVaVJ0tVwY$uZSpHQTxjLhIrmtGAq3GT16E7LhrEAKokKmis78/5EQ=", 
        "email": "newform1@gmail.com", 
        "date_joined": "2014-02-13T13:01:31.944"
    }
},
{
    "pk": 14, 
    "model": "auth.user", 
    "fields": {
        "username": "ecae2ed07c453451ec19861c560b8e", 
        "first_name": "", 
        "last_name": "", 
        "is_active": true, 
        "is_superuser": false, 
        "is_staff": false, 
        "last_login": "2014-02-14T08:08:33", 
        "groups": [], 
        "user_permissions": [], 
        "password": "pbkdf2_sha256$10000$ZVNX2GDc1K17$OFfBur1HvOsJSYc8h8WXFw5pZG3bzoy3TPzxJ58fIUU=", 
        "email": "fancy1@gmail.com", 
        "date_joined": "2014-02-14T08:07:50"
    }
},
{
    "pk": 15, 
    "model": "auth.user", 
    "fields": {
        "username": "2045e42b84229c5a4e8dafa2ecc820", 
        "first_name": "fancy2", 
        "last_name": "fancy2", 
        "is_active": true, 
        "is_superuser": false, 
        "is_staff": false, 
        "last_login": "2014-02-14T09:51:22.743", 
        "groups": [], 
        "user_permissions": [], 
        "password": "pbkdf2_sha256$10000$GLzknDARPvm9$1JSs2HNQsh//GGHHDKYAeyuD+8SAJ3FDHDfwpxD7eCw=", 
        "email": "fancy2@gmail.com", 
        "date_joined": "2014-02-14T09:50:37.437"
    }
},
{
    "pk": 16, 
    "model": "auth.user", 
    "fields": {
        "username": "780c212ade5d8d6ee4ec9c5ae0e12b", 
        "first_name": "fancy3", 
        "last_name": "fancy3", 
        "is_active": true, 
        "is_superuser": false, 
        "is_staff": false, 
        "last_login": "2014-02-14T09:57:51.255", 
        "groups": [], 
        "user_permissions": [], 
        "password": "pbkdf2_sha256$10000$86sHUQWLA8X0$Amf8qc7VEZw7p1siNcj4RxgLhWD65FxGPstUjW38h/E=", 
        "email": "fancy3@gmail.com", 
        "date_joined": "2014-02-14T09:55:09.542"
    }
},
{
    "pk": 17, 
    "model": "auth.user", 
    "fields": {
        "username": "cf7f43af8c3dae59b70357492f2f8d", 
        "first_name": "testreg", 
        "last_name": "testreg", 
        "is_active": true, 
        "is_superuser": false, 
        "is_staff": false, 
        "last_login": "2014-02-18T12:36:04.393", 
        "groups": [], 
        "user_permissions": [], 
        "password": "pbkdf2_sha256$10000$rSxhr1YgcG36$MacQerN+JWO5/D8Sl25KF0IplC/qOWkZEb7nCNzhBLI=", 
        "email": "testreg@gmail.com", 
        "date_joined": "2014-02-18T12:36:04.393"
    }
},
{
    "pk": 18, 
    "model": "auth.user", 
    "fields": {
        "username": "5f4fdeea7a89dbef56b34bf8c37827", 
        "first_name": "testingtest", 
        "last_name": "testingtest", 
        "is_active": false, 
        "is_superuser": false, 
        "is_staff": false, 
        "last_login": "2014-02-19T20:45:55.632", 
        "groups": [], 
        "user_permissions": [], 
        "password": "pbkdf2_sha256$10000$v1ldw5NMWXgE$9wWPscwS1s2QAF5J7M2LNV3OwR3wVwkuAYFExrCCK5k=", 
        "email": "testingtest@gmail.com", 
        "date_joined": "2014-02-19T20:45:55.632"
    }
},
{
    "pk": 19, 
    "model": "auth.user", 
    "fields": {
        "username": "e1565ce6daa682550ed456b912d1c9", 
        "first_name": "testingtest", 
        "last_name": "testingtest", 
        "is_active": false, 
        "is_superuser": false, 
        "is_staff": false, 
        "last_login": "2014-02-19T21:03:30.765", 
        "groups": [], 
        "user_permissions": [], 
        "password": "pbkdf2_sha256$10000$FtH3zA9tlqsN$CvwFSi1kmqIvI5k2Zycg7leHYOSBkbUBGrU0cpb8wDg=", 
        "email": "testingtest2@gmail.com", 
        "date_joined": "2014-02-19T21:03:30.765"
    }
},
{
    "pk": 20, 
    "model": "auth.user", 
    "fields": {
        "username": "fdfd8b73fa344727d5402ccbc9710c", 
        "first_name": "tester1", 
        "last_name": "tester1", 
        "is_active": false, 
        "is_superuser": false, 
        "is_staff": false, 
        "last_login": "2014-02-19T21:43:37.477", 
        "groups": [], 
        "user_permissions": [], 
        "password": "pbkdf2_sha256$10000$ZCRH2C8InOnr$mCkEGWESjegYx/D8XHdQEE56BMecIb6TmgLDwLPztN8=", 
        "email": "tester1@gmail.com", 
        "date_joined": "2014-02-19T21:43:37.477"
    }
},
{
    "pk": 21, 
    "model": "auth.user", 
    "fields": {
        "username": "d1975bd8221963b9e07fd2dd3e5914", 
        "first_name": "anthony", 
        "last_name": "anthony", 
        "is_active": false, 
        "is_superuser": false, 
        "is_staff": false, 
        "last_login": "2014-02-24T13:45:45.052", 
        "groups": [], 
        "user_permissions": [], 
        "password": "pbkdf2_sha256$12000$71FzBeYz3wcl$yc6gqEA/H983OvtNNPDlkkwobErMRqRSeauPA4R6HNs=", 
        "email": "anthony@gmail.com", 
        "date_joined": "2014-02-24T13:45:45.052"
    }
},
{
    "pk": 22, 
    "model": "auth.user", 
    "fields": {
        "username": "986f70f819aa764c64edf7ef88a160", 
        "first_name": "tester14", 
        "last_name": "tester14", 
        "is_active": true, 
        "is_superuser": false, 
        "is_staff": false, 
        "last_login": "2014-03-06T12:40:13.348", 
        "groups": [], 
        "user_permissions": [], 
        "password": "pbkdf2_sha256$12000$tUrrYjJS3OWQ$m8eaMkMn0k0XHcuuD5TmuRhrcGBwqFrOwQCNSaBVTJ4=", 
        "email": "tester14@gmail.com", 
        "date_joined": "2014-03-06T12:40:13.348"
    }
},
{
    "pk": 23, 
    "model": "auth.user", 
    "fields": {
        "username": "c1c12deaedc9ed376dbe7758497271", 
        "first_name": "tester15", 
        "last_name": "tester15", 
        "is_active": true, 
        "is_superuser": false, 
        "is_staff": false, 
        "last_login": "2014-03-06T12:51:26.852", 
        "groups": [], 
        "user_permissions": [], 
        "password": "pbkdf2_sha256$12000$px9gtFGAOF79$vU27vsDwtKjRqNR/R/GCkvpx/pTP//ND+jwS1RPeeGc=", 
        "email": "tester15@gmail.com", 
        "date_joined": "2014-03-06T12:51:26.852"
    }
},
{
    "pk": "2wagb90rgoxyj0gkkvt9y3yal1vjcaj6", 
    "model": "sessions.session", 
    "fields": {
        "expire_date": "2014-02-26T16:57:10.082", 
        "session_data": "YzllYTBjZjk4MDQwOTRjNmE2MWQ1M2IyMTU3ZDgwNTUxNTY5ZWE4NTqAAn1xAVgKAAAAdGVzdGNvb2tpZVgGAAAAd29ya2Vkcy4="
    }
},
{
    "pk": "3jtz0vxylrdt5s04otm8zm8ihfxs6ufd", 
    "model": "sessions.session", 
    "fields": {
        "expire_date": "2014-03-04T15:57:24.664", 
        "session_data": "MDc1ODI2YjVlZjc0ZDU3YzNlZWQ2Mzg1MTkzYWFjN2RkNGRmZDVkOTqAAn1xAS4="
    }
},
{
    "pk": "4afm3nsnpxmn5aza6c7exyk1w3dfyme2", 
    "model": "sessions.session", 
    "fields": {
        "expire_date": "2014-02-28T14:52:03.775", 
        "session_data": "N2QxMzVhN2M4ZGU0MjkxZDFmYzkxOTRmODVkNmNmNTg2ZDk5OGFiMjqAAn1xAVgKAAAAdGVzdGNvb2tpZXECWAYAAAB3b3JrZWRxA3Mu"
    }
},
{
    "pk": "8i34jgyoj2pbj48g1r8b8b3wcgfro8tq", 
    "model": "sessions.session", 
    "fields": {
        "expire_date": "2014-03-21T10:47:11.349", 
        "session_data": "N2M1NGJiODI0ZWNmMmYzNjBiOTAwMjM1NzI0YzZmMmNiMDFiMDQ1YTp7Il9hdXRoX3VzZXJfYmFja2VuZCI6InJlZ2lzdHJhdGlvbl9lbWFpbC5hdXRoLkVtYWlsQmFja2VuZCIsIl9hdXRoX3VzZXJfaWQiOjF9"
    }
},
{
    "pk": "9fajew06jmm6mmza2s5wudueyc8ax3iu", 
    "model": "sessions.session", 
    "fields": {
        "expire_date": "2014-03-12T14:50:42.430", 
        "session_data": "ZDZhY2U3MDkxYTU1ZjA0MTQzYThiMDljMWU2NmMwMzg0ODk1ZjY0ZDp7fQ=="
    }
},
{
    "pk": "btcc1m1ug87s3xe2xq2yxcoi7sx4b45r", 
    "model": "sessions.session", 
    "fields": {
        "expire_date": "2014-03-13T15:41:31.209", 
        "session_data": "N2M1NGJiODI0ZWNmMmYzNjBiOTAwMjM1NzI0YzZmMmNiMDFiMDQ1YTp7Il9hdXRoX3VzZXJfYmFja2VuZCI6InJlZ2lzdHJhdGlvbl9lbWFpbC5hdXRoLkVtYWlsQmFja2VuZCIsIl9hdXRoX3VzZXJfaWQiOjF9"
    }
},
{
    "pk": "db8u2oqjzrp09ry2tkwp4hewd80q81dg", 
    "model": "sessions.session", 
    "fields": {
        "expire_date": "2014-03-12T14:51:11.510", 
        "session_data": "ZDZhY2U3MDkxYTU1ZjA0MTQzYThiMDljMWU2NmMwMzg0ODk1ZjY0ZDp7fQ=="
    }
},
{
    "pk": "dfmya4gdlzbb8llwdoxgfwi9ag153yho", 
    "model": "sessions.session", 
    "fields": {
        "expire_date": "2014-03-07T15:00:58.647", 
        "session_data": "MDFkMWUwODNhODEwZjliYWIzOWZkOWZhNTE2Y2ZkNjQzNTA3NThkZTp7Il9hdXRoX3VzZXJfYmFja2VuZCI6InJlZ2lzdHJhdGlvbl9lbWFpbC5hdXRoLkVtYWlsQmFja2VuZCIsIl9hdXRoX3VzZXJfaWQiOjl9"
    }
},
{
    "pk": "er2m83j9g4er6uezzklytqijvvuqplf5", 
    "model": "sessions.session", 
    "fields": {
        "expire_date": "2014-03-20T16:01:26.458", 
        "session_data": "ZDZhY2U3MDkxYTU1ZjA0MTQzYThiMDljMWU2NmMwMzg0ODk1ZjY0ZDp7fQ=="
    }
},
{
    "pk": "i1iw46twh7r9421pnl2t5o15njocmist", 
    "model": "sessions.session", 
    "fields": {
        "expire_date": "2014-02-26T17:20:34.963", 
        "session_data": "YzllYTBjZjk4MDQwOTRjNmE2MWQ1M2IyMTU3ZDgwNTUxNTY5ZWE4NTqAAn1xAVgKAAAAdGVzdGNvb2tpZVgGAAAAd29ya2Vkcy4="
    }
},
{
    "pk": "i9huzi1whpwxluhtqz3elfne5g0hk469", 
    "model": "sessions.session", 
    "fields": {
        "expire_date": "2014-03-12T14:50:18.745", 
        "session_data": "ZDZhY2U3MDkxYTU1ZjA0MTQzYThiMDljMWU2NmMwMzg0ODk1ZjY0ZDp7fQ=="
    }
},
{
    "pk": "k34xycfwbrds1jq5ptfm5eriu9j3qkv4", 
    "model": "sessions.session", 
    "fields": {
        "expire_date": "2014-03-02T16:53:21.591", 
        "session_data": "N2E2MjkyN2RlM2FkYTU0YjgzOWNmYzg5MWM5YTU3NzI0NWEwNTBiNjqAAn1xAShVEl9hdXRoX3VzZXJfYmFja2VuZHECVSRyZWdpc3RyYXRpb25fZW1haWwuYXV0aC5FbWFpbEJhY2tlbmRxA1UNX2F1dGhfdXNlcl9pZHEESwF1Lg=="
    }
},
{
    "pk": "lyg18yqor3x9dmimdfwjugeofjgb77wx", 
    "model": "sessions.session", 
    "fields": {
        "expire_date": "2014-03-17T15:20:40.458", 
        "session_data": "ZDZhY2U3MDkxYTU1ZjA0MTQzYThiMDljMWU2NmMwMzg0ODk1ZjY0ZDp7fQ=="
    }
},
{
    "pk": "p2lwk3es75ughw798zk3e2t6v6pl4xey", 
    "model": "sessions.session", 
    "fields": {
        "expire_date": "2014-03-01T07:34:49.749", 
        "session_data": "N2QxMzVhN2M4ZGU0MjkxZDFmYzkxOTRmODVkNmNmNTg2ZDk5OGFiMjqAAn1xAVgKAAAAdGVzdGNvb2tpZXECWAYAAAB3b3JrZWRxA3Mu"
    }
},
{
    "pk": "sn5sakccurf43ran5kd1b5gagr0ajtbf", 
    "model": "sessions.session", 
    "fields": {
        "expire_date": "2014-03-26T07:21:11.549", 
        "session_data": "MDFkMWUwODNhODEwZjliYWIzOWZkOWZhNTE2Y2ZkNjQzNTA3NThkZTp7Il9hdXRoX3VzZXJfYmFja2VuZCI6InJlZ2lzdHJhdGlvbl9lbWFpbC5hdXRoLkVtYWlsQmFja2VuZCIsIl9hdXRoX3VzZXJfaWQiOjl9"
    }
},
{
    "pk": "tw0mlheul51en0wazr9zg0j0rlatxsdm", 
    "model": "sessions.session", 
    "fields": {
        "expire_date": "2014-03-13T19:48:20.494", 
        "session_data": "N2M1NGJiODI0ZWNmMmYzNjBiOTAwMjM1NzI0YzZmMmNiMDFiMDQ1YTp7Il9hdXRoX3VzZXJfYmFja2VuZCI6InJlZ2lzdHJhdGlvbl9lbWFpbC5hdXRoLkVtYWlsQmFja2VuZCIsIl9hdXRoX3VzZXJfaWQiOjF9"
    }
},
{
    "pk": "ychuwobnlp8orolyfvcxq3gkozhryxuk", 
    "model": "sessions.session", 
    "fields": {
        "expire_date": "2014-03-13T12:42:59.904", 
        "session_data": "ZDZhY2U3MDkxYTU1ZjA0MTQzYThiMDljMWU2NmMwMzg0ODk1ZjY0ZDp7fQ=="
    }
},
{
    "pk": 1, 
    "model": "sites.site", 
    "fields": {
        "domain": "www.nebraskanewsservice.net", 
        "name": "www.nebraskanewsservice.net"
    }
},
{
    "pk": 1, 
    "model": "admin.logentry", 
    "fields": {
        "action_flag": 1, 
        "action_time": "2014-02-10T17:48:06.308", 
        "object_repr": "mkquinlan", 
        "object_id": "2", 
        "change_message": "", 
        "user": [
            "anthony"
        ], 
        "content_type": [
            "auth", 
            "user"
        ]
    }
},
{
    "pk": 2, 
    "model": "admin.logentry", 
    "fields": {
        "action_flag": 1, 
        "action_time": "2014-02-10T17:50:19.286", 
        "object_repr": "Front Page", 
        "object_id": "1", 
        "change_message": "", 
        "user": [
            "anthony"
        ], 
        "content_type": [
            "story", 
            "article"
        ]
    }
},
{
    "pk": 3, 
    "model": "admin.logentry", 
    "fields": {
        "action_flag": 1, 
        "action_time": "2014-02-10T17:51:34.228", 
        "object_repr": "About Us", 
        "object_id": "2", 
        "change_message": "", 
        "user": [
            "anthony"
        ], 
        "content_type": [
            "story", 
            "article"
        ]
    }
},
{
    "pk": 4, 
    "model": "admin.logentry", 
    "fields": {
        "action_flag": 1, 
        "action_time": "2014-02-10T17:54:34.226", 
        "object_repr": "Editors", 
        "object_id": "1", 
        "change_message": "", 
        "user": [
            "anthony"
        ], 
        "content_type": [
            "auth", 
            "group"
        ]
    }
},
{
    "pk": 5, 
    "model": "admin.logentry", 
    "fields": {
        "action_flag": 1, 
        "action_time": "2014-02-10T17:55:13.369", 
        "object_repr": "Reporters", 
        "object_id": "2", 
        "change_message": "", 
        "user": [
            "anthony"
        ], 
        "content_type": [
            "auth", 
            "group"
        ]
    }
},
{
    "pk": 6, 
    "model": "admin.logentry", 
    "fields": {
        "action_flag": 2, 
        "action_time": "2014-02-10T17:55:36.451", 
        "object_repr": "mkquinlan", 
        "object_id": "2", 
        "change_message": "Changed password, first_name, last_name, email, is_staff and groups.", 
        "user": [
            "anthony"
        ], 
        "content_type": [
            "auth", 
            "user"
        ]
    }
},
{
    "pk": 7, 
    "model": "admin.logentry", 
    "fields": {
        "action_flag": 2, 
        "action_time": "2014-02-10T17:56:19.920", 
        "object_repr": "anthony", 
        "object_id": "1", 
        "change_message": "Changed password, first_name and last_name. Changed user_type for user profile \"Anthony Roberts, Technology Consultant\".", 
        "user": [
            "anthony"
        ], 
        "content_type": [
            "auth", 
            "user"
        ]
    }
},
{
    "pk": 8, 
    "model": "admin.logentry", 
    "fields": {
        "action_flag": 2, 
        "action_time": "2014-02-11T17:14:38.334", 
        "object_repr": "Test Story Number One", 
        "object_id": "4", 
        "change_message": "Changed is_published, send_now and tags.", 
        "user": [
            "anthony"
        ], 
        "content_type": [
            "story", 
            "article"
        ]
    }
},
{
    "pk": 9, 
    "model": "admin.logentry", 
    "fields": {
        "action_flag": 2, 
        "action_time": "2014-02-11T17:14:50.384", 
        "object_repr": "Test Story Number One", 
        "object_id": "4", 
        "change_message": "Changed is_published, send_now and tags.", 
        "user": [
            "anthony"
        ], 
        "content_type": [
            "story", 
            "article"
        ]
    }
},
{
    "pk": 10, 
    "model": "admin.logentry", 
    "fields": {
        "action_flag": 2, 
        "action_time": "2014-02-11T17:15:04.822", 
        "object_repr": "anthony", 
        "object_id": "1", 
        "change_message": "Changed password. Changed user_type and can_publish for user profile \"Anthony Roberts, Technology Consultant\".", 
        "user": [
            "anthony"
        ], 
        "content_type": [
            "auth", 
            "user"
        ]
    }
},
{
    "pk": 11, 
    "model": "admin.logentry", 
    "fields": {
        "action_flag": 2, 
        "action_time": "2014-02-12T09:07:00.311", 
        "object_repr": "www.nebraskanewsservice.net", 
        "object_id": "1", 
        "change_message": "Changed domain and name.", 
        "user": [
            "anthony"
        ], 
        "content_type": [
            "sites", 
            "site"
        ]
    }
},
{
    "pk": 12, 
    "model": "admin.logentry", 
    "fields": {
        "action_flag": 2, 
        "action_time": "2014-02-20T15:30:27.558", 
        "object_repr": "35c2454050c5fc293ad534242bd9f2", 
        "object_id": "4", 
        "change_message": "Changed password and email.", 
        "user": [
            "anthony"
        ], 
        "content_type": [
            "auth", 
            "user"
        ]
    }
},
{
    "pk": 13, 
    "model": "admin.logentry", 
    "fields": {
        "action_flag": 2, 
        "action_time": "2014-02-20T15:30:39.723", 
        "object_repr": "35c2454050c5fc293ad534242bd9f2", 
        "object_id": "4", 
        "change_message": "Changed password.", 
        "user": [
            "anthony"
        ], 
        "content_type": [
            "auth", 
            "user"
        ]
    }
},
{
    "pk": 14, 
    "model": "admin.logentry", 
    "fields": {
        "action_flag": 2, 
        "action_time": "2014-02-21T09:47:10.418", 
        "object_repr": "jmoore", 
        "object_id": "9", 
        "change_message": "Changed username, password, first_name, last_name, email, is_active, is_staff and groups. Changed user_type and byline for user profile \"Joseph Moore\".", 
        "user": [
            "anthony"
        ], 
        "content_type": [
            "auth", 
            "user"
        ]
    }
},
{
    "pk": 15, 
    "model": "admin.logentry", 
    "fields": {
        "action_flag": 2, 
        "action_time": "2014-02-24T10:50:24.314", 
        "object_repr": "35c2454050c5fc293ad534242bd9f2", 
        "object_id": "4", 
        "change_message": "Changed user_type for user profile \"Anthony Roberts\".", 
        "user": [
            "anthony"
        ], 
        "content_type": [
            "auth", 
            "user"
        ]
    }
},
{
    "pk": 16, 
    "model": "admin.logentry", 
    "fields": {
        "action_flag": 2, 
        "action_time": "2014-02-24T10:50:37.090", 
        "object_repr": "35c2454050c5fc293ad534242bd9f2", 
        "object_id": "4", 
        "change_message": "Changed is_staff.", 
        "user": [
            "anthony"
        ], 
        "content_type": [
            "auth", 
            "user"
        ]
    }
},
{
    "pk": 17, 
    "model": "admin.logentry", 
    "fields": {
        "action_flag": 2, 
        "action_time": "2014-02-24T13:56:55.297", 
        "object_repr": "35c2454050c5fc293ad534242bd9f2", 
        "object_id": "4", 
        "change_message": "Changed user_type for user profile \"Anthony Roberts\".", 
        "user": [
            "anthony"
        ], 
        "content_type": [
            "auth", 
            "user"
        ]
    }
},
{
    "pk": 18, 
    "model": "admin.logentry", 
    "fields": {
        "action_flag": 1, 
        "action_time": "2014-02-27T12:01:15.862", 
        "object_repr": "Reporter Documentation", 
        "object_id": "6", 
        "change_message": "", 
        "user": [
            "anthony"
        ], 
        "content_type": [
            "story", 
            "article"
        ]
    }
},
{
    "pk": 19, 
    "model": "admin.logentry", 
    "fields": {
        "action_flag": 2, 
        "action_time": "2014-03-03T11:39:31.073", 
        "object_repr": "Test new abstract base class 2", 
        "object_id": "15", 
        "change_message": "Changed tags.", 
        "user": [
            "anthony"
        ], 
        "content_type": [
            "story", 
            "article"
        ]
    }
},
{
    "pk": 20, 
    "model": "admin.logentry", 
    "fields": {
        "action_flag": 1, 
        "action_time": "2014-03-03T16:38:30.101", 
        "object_repr": "New Media Item", 
        "object_id": "1", 
        "change_message": "", 
        "user": [
            "anthony"
        ], 
        "content_type": [
            "story", 
            "mediaitem"
        ]
    }
},
{
    "pk": 21, 
    "model": "admin.logentry", 
    "fields": {
        "action_flag": 2, 
        "action_time": "2014-03-04T15:45:17.168", 
        "object_repr": "Test headline for media item", 
        "object_id": "6", 
        "change_message": "Changed docfile and tags.", 
        "user": [
            "anthony"
        ], 
        "content_type": [
            "story", 
            "mediaitem"
        ]
    }
},
{
    "pk": 22, 
    "model": "admin.logentry", 
    "fields": {
        "action_flag": 3, 
        "action_time": "2014-03-05T16:22:21.481", 
        "object_repr": "Media", 
        "object_id": "19", 
        "change_message": "", 
        "user": [
            "anthony"
        ], 
        "content_type": [
            "taggit", 
            "tag"
        ]
    }
},
{
    "pk": 23, 
    "model": "admin.logentry", 
    "fields": {
        "action_flag": 3, 
        "action_time": "2014-03-05T16:22:21.486", 
        "object_repr": "New", 
        "object_id": "5", 
        "change_message": "", 
        "user": [
            "anthony"
        ], 
        "content_type": [
            "taggit", 
            "tag"
        ]
    }
},
{
    "pk": 24, 
    "model": "admin.logentry", 
    "fields": {
        "action_flag": 3, 
        "action_time": "2014-03-05T16:22:21.490", 
        "object_repr": "Story", 
        "object_id": "6", 
        "change_message": "", 
        "user": [
            "anthony"
        ], 
        "content_type": [
            "taggit", 
            "tag"
        ]
    }
},
{
    "pk": 25, 
    "model": "admin.logentry", 
    "fields": {
        "action_flag": 3, 
        "action_time": "2014-03-05T16:22:27.145", 
        "object_repr": "Media", 
        "object_id": "19", 
        "change_message": "", 
        "user": [
            "anthony"
        ], 
        "content_type": [
            "taggit", 
            "tag"
        ]
    }
},
{
    "pk": 26, 
    "model": "admin.logentry", 
    "fields": {
        "action_flag": 3, 
        "action_time": "2014-03-05T16:22:27.149", 
        "object_repr": "New", 
        "object_id": "5", 
        "change_message": "", 
        "user": [
            "anthony"
        ], 
        "content_type": [
            "taggit", 
            "tag"
        ]
    }
},
{
    "pk": 27, 
    "model": "admin.logentry", 
    "fields": {
        "action_flag": 3, 
        "action_time": "2014-03-05T16:22:27.153", 
        "object_repr": "Story", 
        "object_id": "6", 
        "change_message": "", 
        "user": [
            "anthony"
        ], 
        "content_type": [
            "taggit", 
            "tag"
        ]
    }
},
{
    "pk": 28, 
    "model": "admin.logentry", 
    "fields": {
        "action_flag": 3, 
        "action_time": "2014-03-05T16:22:27.159", 
        "object_repr": "Tags", 
        "object_id": "20", 
        "change_message": "", 
        "user": [
            "anthony"
        ], 
        "content_type": [
            "taggit", 
            "tag"
        ]
    }
},
{
    "pk": 29, 
    "model": "admin.logentry", 
    "fields": {
        "action_flag": 3, 
        "action_time": "2014-03-05T16:22:27.163", 
        "object_repr": "Test", 
        "object_id": "4", 
        "change_message": "", 
        "user": [
            "anthony"
        ], 
        "content_type": [
            "taggit", 
            "tag"
        ]
    }
},
{
    "pk": 30, 
    "model": "admin.logentry", 
    "fields": {
        "action_flag": 3, 
        "action_time": "2014-03-05T16:22:27.169", 
        "object_repr": "Test Story 1", 
        "object_id": "1", 
        "change_message": "", 
        "user": [
            "anthony"
        ], 
        "content_type": [
            "taggit", 
            "tag"
        ]
    }
},
{
    "pk": 31, 
    "model": "admin.logentry", 
    "fields": {
        "action_flag": 3, 
        "action_time": "2014-03-05T16:22:27.174", 
        "object_repr": "bacon", 
        "object_id": "15", 
        "change_message": "", 
        "user": [
            "anthony"
        ], 
        "content_type": [
            "taggit", 
            "tag"
        ]
    }
},
{
    "pk": 32, 
    "model": "admin.logentry", 
    "fields": {
        "action_flag": 3, 
        "action_time": "2014-03-05T16:22:27.178", 
        "object_repr": "error", 
        "object_id": "18", 
        "change_message": "", 
        "user": [
            "anthony"
        ], 
        "content_type": [
            "taggit", 
            "tag"
        ]
    }
},
{
    "pk": 33, 
    "model": "admin.logentry", 
    "fields": {
        "action_flag": 3, 
        "action_time": "2014-03-05T16:22:27.182", 
        "object_repr": "item", 
        "object_id": "14", 
        "change_message": "", 
        "user": [
            "anthony"
        ], 
        "content_type": [
            "taggit", 
            "tag"
        ]
    }
},
{
    "pk": 34, 
    "model": "admin.logentry", 
    "fields": {
        "action_flag": 3, 
        "action_time": "2014-03-05T16:22:27.187", 
        "object_repr": "media", 
        "object_id": "13", 
        "change_message": "", 
        "user": [
            "anthony"
        ], 
        "content_type": [
            "taggit", 
            "tag"
        ]
    }
},
{
    "pk": 35, 
    "model": "admin.logentry", 
    "fields": {
        "action_flag": 3, 
        "action_time": "2014-03-05T16:22:27.191", 
        "object_repr": "moved", 
        "object_id": "7", 
        "change_message": "", 
        "user": [
            "anthony"
        ], 
        "content_type": [
            "taggit", 
            "tag"
        ]
    }
},
{
    "pk": 36, 
    "model": "admin.logentry", 
    "fields": {
        "action_flag": 3, 
        "action_time": "2014-03-05T16:22:27.195", 
        "object_repr": "moved2", 
        "object_id": "8", 
        "change_message": "", 
        "user": [
            "anthony"
        ], 
        "content_type": [
            "taggit", 
            "tag"
        ]
    }
},
{
    "pk": 37, 
    "model": "admin.logentry", 
    "fields": {
        "action_flag": 3, 
        "action_time": "2014-03-05T16:22:27.198", 
        "object_repr": "moved23", 
        "object_id": "9", 
        "change_message": "", 
        "user": [
            "anthony"
        ], 
        "content_type": [
            "taggit", 
            "tag"
        ]
    }
},
{
    "pk": 38, 
    "model": "admin.logentry", 
    "fields": {
        "action_flag": 3, 
        "action_time": "2014-03-05T16:23:20.001", 
        "object_repr": "Media", 
        "object_id": "19", 
        "change_message": "", 
        "user": [
            "anthony"
        ], 
        "content_type": [
            "taggit", 
            "tag"
        ]
    }
},
{
    "pk": 39, 
    "model": "admin.logentry", 
    "fields": {
        "action_flag": 3, 
        "action_time": "2014-03-05T16:23:20.007", 
        "object_repr": "Tags", 
        "object_id": "20", 
        "change_message": "", 
        "user": [
            "anthony"
        ], 
        "content_type": [
            "taggit", 
            "tag"
        ]
    }
},
{
    "pk": 40, 
    "model": "admin.logentry", 
    "fields": {
        "action_flag": 3, 
        "action_time": "2014-03-05T16:23:20.012", 
        "object_repr": "Test", 
        "object_id": "4", 
        "change_message": "", 
        "user": [
            "anthony"
        ], 
        "content_type": [
            "taggit", 
            "tag"
        ]
    }
},
{
    "pk": 41, 
    "model": "admin.logentry", 
    "fields": {
        "action_flag": 3, 
        "action_time": "2014-03-05T16:23:20.017", 
        "object_repr": "Test Story 1", 
        "object_id": "1", 
        "change_message": "", 
        "user": [
            "anthony"
        ], 
        "content_type": [
            "taggit", 
            "tag"
        ]
    }
},
{
    "pk": 42, 
    "model": "admin.logentry", 
    "fields": {
        "action_flag": 3, 
        "action_time": "2014-03-05T16:23:20.022", 
        "object_repr": "new", 
        "object_id": "17", 
        "change_message": "", 
        "user": [
            "anthony"
        ], 
        "content_type": [
            "taggit", 
            "tag"
        ]
    }
},
{
    "pk": 43, 
    "model": "admin.logentry", 
    "fields": {
        "action_flag": 2, 
        "action_time": "2014-03-06T13:27:52.718", 
        "object_repr": "ecae2ed07c453451ec19861c560b8e", 
        "object_id": "14", 
        "change_message": "Changed user_type for user profile \"\".", 
        "user": [
            "anthony"
        ], 
        "content_type": [
            "auth", 
            "user"
        ]
    }
},
{
    "pk": 44, 
    "model": "admin.logentry", 
    "fields": {
        "action_flag": 2, 
        "action_time": "2014-03-06T13:28:11.032", 
        "object_repr": "6b4a86b609a08a20b9f4b41f5222f8", 
        "object_id": "10", 
        "change_message": "Changed pub_type for user profile \"\".", 
        "user": [
            "anthony"
        ], 
        "content_type": [
            "auth", 
            "user"
        ]
    }
},
{
    "pk": 45, 
    "model": "admin.logentry", 
    "fields": {
        "action_flag": 2, 
        "action_time": "2014-03-06T13:37:51.943", 
        "object_repr": "special", 
        "object_id": "4", 
        "change_message": "Changed username.", 
        "user": [
            "anthony"
        ], 
        "content_type": [
            "auth", 
            "user"
        ]
    }
},
{
    "pk": 46, 
    "model": "admin.logentry", 
    "fields": {
        "action_flag": 2, 
        "action_time": "2014-03-07T11:39:05.772", 
        "object_repr": "test new media item error text 2", 
        "object_id": "8", 
        "change_message": "Changed is_published and tags.", 
        "user": [
            "anthony"
        ], 
        "content_type": [
            "story", 
            "mediaitem"
        ]
    }
},
{
    "pk": 47, 
    "model": "admin.logentry", 
    "fields": {
        "action_flag": 2, 
        "action_time": "2014-03-07T11:39:11.390", 
        "object_repr": "test new media item error text", 
        "object_id": "7", 
        "change_message": "Changed is_published and tags.", 
        "user": [
            "anthony"
        ], 
        "content_type": [
            "story", 
            "mediaitem"
        ]
    }
},
{
    "pk": 48, 
    "model": "admin.logentry", 
    "fields": {
        "action_flag": 2, 
        "action_time": "2014-03-07T11:39:18.033", 
        "object_repr": "Test headline for media item", 
        "object_id": "6", 
        "change_message": "Changed is_published and tags.", 
        "user": [
            "anthony"
        ], 
        "content_type": [
            "story", 
            "mediaitem"
        ]
    }
},
{
    "pk": 49, 
    "model": "admin.logentry", 
    "fields": {
        "action_flag": 2, 
        "action_time": "2014-03-07T11:39:25.357", 
        "object_repr": "Functional Test Add Media Title", 
        "object_id": "1", 
        "change_message": "Changed is_published and tags.", 
        "user": [
            "anthony"
        ], 
        "content_type": [
            "story", 
            "mediaitem"
        ]
    }
},
{
    "pk": 3, 
    "model": "djcelery.taskmeta", 
    "fields": {
        "status": "SUCCESS", 
        "task_id": "318a039f-29c3-420b-a33f-ca234aadf9ce", 
        "date_done": "2014-03-12T07:20:41.252", 
        "traceback": null, 
        "meta": "eJxrYKotZAzlSM7IzEkpSs2LLdYDADcIBhY=", 
        "result": null, 
        "hidden": false
    }
},
{
    "pk": 4, 
    "model": "djcelery.taskmeta", 
    "fields": {
        "status": "SUCCESS", 
        "task_id": "d20af04a-7a9f-43f4-8cbe-0631e9213a6e", 
        "date_done": "2014-03-12T07:41:09.996", 
        "traceback": null, 
        "meta": "eJxrYKotZAzlSM7IzEkpSs2LLdYDADcIBhY=", 
        "result": null, 
        "hidden": false
    }
},
{
    "pk": 5, 
    "model": "djcelery.taskmeta", 
    "fields": {
        "status": "SUCCESS", 
        "task_id": "1ed6f6d6-5366-4aca-b6a5-bab43e8f9d22", 
        "date_done": "2014-03-12T07:41:09.997", 
        "traceback": null, 
        "meta": "eJxrYKotZAzlSM7IzEkpSs2LLdYDADcIBhY=", 
        "result": null, 
        "hidden": false
    }
},
{
    "pk": 6, 
    "model": "djcelery.taskmeta", 
    "fields": {
        "status": "SUCCESS", 
        "task_id": "1adadd0d-8f3c-42ee-a261-82a071d2ac2b", 
        "date_done": "2014-03-12T07:42:22.314", 
        "traceback": null, 
        "meta": "eJxrYKotZAzlSM7IzEkpSs2LLdYDADcIBhY=", 
        "result": null, 
        "hidden": false
    }
},
{
    "pk": 7, 
    "model": "djcelery.taskmeta", 
    "fields": {
        "status": "SUCCESS", 
        "task_id": "edb41600-8a5c-4d58-8d7a-e587f5d35b48", 
        "date_done": "2014-03-12T07:42:24.418", 
        "traceback": null, 
        "meta": "eJxrYKotZAzlSM7IzEkpSs2LLdYDADcIBhY=", 
        "result": null, 
        "hidden": false
    }
},
{
    "pk": 8, 
    "model": "djcelery.taskmeta", 
    "fields": {
        "status": "SUCCESS", 
        "task_id": "69a289a6-673f-4f31-b5c5-4ba98c7b05bd", 
        "date_done": "2014-03-12T07:42:26.349", 
        "traceback": null, 
        "meta": "eJxrYKotZAzlSM7IzEkpSs2LLdYDADcIBhY=", 
        "result": null, 
        "hidden": false
    }
},
{
    "pk": 9, 
    "model": "djcelery.taskmeta", 
    "fields": {
        "status": "SUCCESS", 
        "task_id": "975996e1-47b6-44a3-be7e-bcb2ccf27b18", 
        "date_done": "2014-03-12T07:42:28.380", 
        "traceback": null, 
        "meta": "eJxrYKotZAzlSM7IzEkpSs2LLdYDADcIBhY=", 
        "result": null, 
        "hidden": false
    }
},
{
    "pk": 10, 
    "model": "djcelery.taskmeta", 
    "fields": {
        "status": "SUCCESS", 
        "task_id": "0eb69848-cd9a-45ce-98f9-6ca25fc5641e", 
        "date_done": "2014-03-12T07:42:30.302", 
        "traceback": null, 
        "meta": "eJxrYKotZAzlSM7IzEkpSs2LLdYDADcIBhY=", 
        "result": null, 
        "hidden": false
    }
},
{
    "pk": 11, 
    "model": "djcelery.taskmeta", 
    "fields": {
        "status": "SUCCESS", 
        "task_id": "39d8651f-d634-4758-9e84-5f605f11ef90", 
        "date_done": "2014-03-12T07:42:32.472", 
        "traceback": null, 
        "meta": "eJxrYKotZAzlSM7IzEkpSs2LLdYDADcIBhY=", 
        "result": null, 
        "hidden": false
    }
},
{
    "pk": 12, 
    "model": "djcelery.taskmeta", 
    "fields": {
        "status": "SUCCESS", 
        "task_id": "b82b3b63-f074-4f87-b0f6-589ed6758a8a", 
        "date_done": "2014-03-12T07:42:34.385", 
        "traceback": null, 
        "meta": "eJxrYKotZAzlSM7IzEkpSs2LLdYDADcIBhY=", 
        "result": null, 
        "hidden": false
    }
},
{
    "pk": 13, 
    "model": "djcelery.taskmeta", 
    "fields": {
        "status": "SUCCESS", 
        "task_id": "3d30350e-c2f3-482e-adec-1bbb46a62fde", 
        "date_done": "2014-03-12T07:42:36.294", 
        "traceback": null, 
        "meta": "eJxrYKotZAzlSM7IzEkpSs2LLdYDADcIBhY=", 
        "result": null, 
        "hidden": false
    }
},
{
    "pk": 14, 
    "model": "djcelery.taskmeta", 
    "fields": {
        "status": "SUCCESS", 
        "task_id": "acb70c3c-7d01-42aa-b4ec-266fcd8c43e8", 
        "date_done": "2014-03-12T07:42:38.330", 
        "traceback": null, 
        "meta": "eJxrYKotZAzlSM7IzEkpSs2LLdYDADcIBhY=", 
        "result": null, 
        "hidden": false
    }
},
{
    "pk": 15, 
    "model": "djcelery.taskmeta", 
    "fields": {
        "status": "SUCCESS", 
        "task_id": "640f3c95-89b1-44a2-b50d-c9a515c51847", 
        "date_done": "2014-03-12T07:42:40.405", 
        "traceback": null, 
        "meta": "eJxrYKotZAzlSM7IzEkpSs2LLdYDADcIBhY=", 
        "result": null, 
        "hidden": false
    }
},
{
    "pk": 16, 
    "model": "djcelery.taskmeta", 
    "fields": {
        "status": "SUCCESS", 
        "task_id": "77ee8f5c-228e-4c07-9c9b-3704d9e93c3d", 
        "date_done": "2014-03-12T07:42:42.353", 
        "traceback": null, 
        "meta": "eJxrYKotZAzlSM7IzEkpSs2LLdYDADcIBhY=", 
        "result": null, 
        "hidden": false
    }
},
{
    "pk": 17, 
    "model": "djcelery.taskmeta", 
    "fields": {
        "status": "SUCCESS", 
        "task_id": "5ea5e5ee-0ee8-42de-8e2b-30e1a7b6788d", 
        "date_done": "2014-03-12T07:42:44.298", 
        "traceback": null, 
        "meta": "eJxrYKotZAzlSM7IzEkpSs2LLdYDADcIBhY=", 
        "result": null, 
        "hidden": false
    }
},
{
    "pk": 18, 
    "model": "djcelery.taskmeta", 
    "fields": {
        "status": "SUCCESS", 
        "task_id": "78760d98-f8d5-4a98-88d9-acacea1e5b7b", 
        "date_done": "2014-03-12T07:42:46.307", 
        "traceback": null, 
        "meta": "eJxrYKotZAzlSM7IzEkpSs2LLdYDADcIBhY=", 
        "result": null, 
        "hidden": false
    }
},
{
    "pk": 19, 
    "model": "djcelery.taskmeta", 
    "fields": {
        "status": "SUCCESS", 
        "task_id": "46010ee2-7fa0-49df-8f42-438d6e689c09", 
        "date_done": "2014-03-12T07:42:48.313", 
        "traceback": null, 
        "meta": "eJxrYKotZAzlSM7IzEkpSs2LLdYDADcIBhY=", 
        "result": null, 
        "hidden": false
    }
},
{
    "pk": 20, 
    "model": "djcelery.taskmeta", 
    "fields": {
        "status": "SUCCESS", 
        "task_id": "55a6ebbd-718c-42b1-81a8-e546697b9327", 
        "date_done": "2014-03-12T07:42:50.447", 
        "traceback": null, 
        "meta": "eJxrYKotZAzlSM7IzEkpSs2LLdYDADcIBhY=", 
        "result": null, 
        "hidden": false
    }
},
{
    "pk": 21, 
    "model": "djcelery.taskmeta", 
    "fields": {
        "status": "SUCCESS", 
        "task_id": "144190aa-6a90-4552-844d-8129022331a6", 
        "date_done": "2014-03-12T07:42:52.331", 
        "traceback": null, 
        "meta": "eJxrYKotZAzlSM7IzEkpSs2LLdYDADcIBhY=", 
        "result": null, 
        "hidden": false
    }
},
{
    "pk": 22, 
    "model": "djcelery.taskmeta", 
    "fields": {
        "status": "SUCCESS", 
        "task_id": "0ed9d398-4f43-4429-8f35-7314133bc117", 
        "date_done": "2014-03-12T07:42:54.449", 
        "traceback": null, 
        "meta": "eJxrYKotZAzlSM7IzEkpSs2LLdYDADcIBhY=", 
        "result": null, 
        "hidden": false
    }
},
{
    "pk": 23, 
    "model": "djcelery.taskmeta", 
    "fields": {
        "status": "SUCCESS", 
        "task_id": "6f0f956b-172a-451e-935d-2bca320761eb", 
        "date_done": "2014-03-12T07:42:56.347", 
        "traceback": null, 
        "meta": "eJxrYKotZAzlSM7IzEkpSs2LLdYDADcIBhY=", 
        "result": null, 
        "hidden": false
    }
},
{
    "pk": 24, 
    "model": "djcelery.taskmeta", 
    "fields": {
        "status": "SUCCESS", 
        "task_id": "4ee106f9-16e5-49b8-892e-77436fd310d4", 
        "date_done": "2014-03-12T07:42:58.356", 
        "traceback": null, 
        "meta": "eJxrYKotZAzlSM7IzEkpSs2LLdYDADcIBhY=", 
        "result": null, 
        "hidden": false
    }
},
{
    "pk": 25, 
    "model": "djcelery.taskmeta", 
    "fields": {
        "status": "SUCCESS", 
        "task_id": "8d128a22-3613-4304-82dc-817f7b3a02af", 
        "date_done": "2014-03-12T07:43:00.458", 
        "traceback": null, 
        "meta": "eJxrYKotZAzlSM7IzEkpSs2LLdYDADcIBhY=", 
        "result": null, 
        "hidden": false
    }
},
{
    "pk": 26, 
    "model": "djcelery.taskmeta", 
    "fields": {
        "status": "SUCCESS", 
        "task_id": "5b2583c9-760c-456f-85d7-a6939448cc94", 
        "date_done": "2014-03-12T07:43:02.482", 
        "traceback": null, 
        "meta": "eJxrYKotZAzlSM7IzEkpSs2LLdYDADcIBhY=", 
        "result": null, 
        "hidden": false
    }
},
{
    "pk": 27, 
    "model": "djcelery.taskmeta", 
    "fields": {
        "status": "SUCCESS", 
        "task_id": "d709e462-bb41-4107-96aa-eff54b513626", 
        "date_done": "2014-03-12T07:43:04.235", 
        "traceback": null, 
        "meta": "eJwVk7vOIDUMhcXCwsJyWa77AlPQGMWO49gvQTclhRM7YiWE9EONRMVz46nny0nOZf599c/LR/eb/fuHP+Kv/PO3l1c/3xd6eEQL0NM3MGWCkyAoeZsY5JvWr/+9fHxfGYtRWgP1UWQMBY3pkEPnGdHHYi3yk/sSc1JzAZn9AJ+OsMYewMtN91xtrCjy9X3ZHGaSCDyXALN3WDkT1l6096G58NH89L5aLjFlhR3mwGMnmB4D2U7j7CGMWeRn99UtVAYeCOlcwvVOS2UYR9o4iHmsFfnmvpbS6ks6nDaLPDphtSMw1DKkDrp6kZ+XZvTWR0vYdDqwUqUUuQHXWiwudOK5/Yv78r1m2xXljFa2yB0WF0kiZ4du7vk4elspcavIbYDawsc7VUpVxDYfWHGh8izyy/uaM1NPhU6kCbzbBNu2oM/GYWl99yfPr+5rpI8c1WGrE3V7JGhSkS3RK+Kp+pBfl6ZOaWEKR6OaqWKgvhn49p2OOdZ8ev/mvlgalhzBPN6ALU5thQm4a0iK2m5W5Lu6fbjkWgET9dlS2VJ0rYWwiM1lnR5H39bqmNFaZSNupTkGgTLXCJGsEfWOLkV+9/QeFr1ex4creSZ7ljpgdmTsfW3ER/P7yvO0Y0MW4KRnIVgL6SOA1vZObQrm4+iHcpSJTWo8KFnebZV3q0rn5C4nOrbgIn+8Lw0kdSLognV7b1w/Rux65zxzdW/kp8ifyvuioVUnVKzlfUilNGKCi3Vj1r3t0Xyff//yP9z68PY=", 
        "result": null, 
        "hidden": false
    }
},
{
    "pk": 28, 
    "model": "djcelery.taskmeta", 
    "fields": {
        "status": "SUCCESS", 
        "task_id": "1c9b095f-ab82-4af9-940b-08f914061b99", 
        "date_done": "2014-03-12T07:43:12.746", 
        "traceback": null, 
        "meta": "eJxrYKotZAzlSM7IzEkpSs2LLdYDADcIBhY=", 
        "result": null, 
        "hidden": false
    }
},
{
    "pk": 29, 
    "model": "djcelery.taskmeta", 
    "fields": {
        "status": "SUCCESS", 
        "task_id": "5a5b86a1-c226-45e8-88b9-53f3379422a6", 
        "date_done": "2014-03-12T07:43:14.638", 
        "traceback": null, 
        "meta": "eJxrYKotZAzlSM7IzEkpSs2LLdYDADcIBhY=", 
        "result": null, 
        "hidden": false
    }
},
{
    "pk": 30, 
    "model": "djcelery.taskmeta", 
    "fields": {
        "status": "SUCCESS", 
        "task_id": "742959d5-c22c-47d6-aeb4-58b270e82808", 
        "date_done": "2014-03-12T07:43:16.664", 
        "traceback": null, 
        "meta": "eJxrYKotZAzlSM7IzEkpSs2LLdYDADcIBhY=", 
        "result": null, 
        "hidden": false
    }
},
{
    "pk": 31, 
    "model": "djcelery.taskmeta", 
    "fields": {
        "status": "SUCCESS", 
        "task_id": "bc4a2aa2-8e5e-4358-b79a-f0a9325df087", 
        "date_done": "2014-03-12T07:43:18.652", 
        "traceback": null, 
        "meta": "eJxrYKotZAzlSM7IzEkpSs2LLdYDADcIBhY=", 
        "result": null, 
        "hidden": false
    }
},
{
    "pk": 32, 
    "model": "djcelery.taskmeta", 
    "fields": {
        "status": "SUCCESS", 
        "task_id": "57a2fbe8-33c3-4735-b70b-23dc66236e21", 
        "date_done": "2014-03-12T07:43:20.775", 
        "traceback": null, 
        "meta": "eJxrYKotZAzlSM7IzEkpSs2LLdYDADcIBhY=", 
        "result": null, 
        "hidden": false
    }
},
{
    "pk": 33, 
    "model": "djcelery.taskmeta", 
    "fields": {
        "status": "SUCCESS", 
        "task_id": "78bb99e0-1ba6-404c-b406-f07c0f9ab7d2", 
        "date_done": "2014-03-12T07:43:22.682", 
        "traceback": null, 
        "meta": "eJxrYKotZAzlSM7IzEkpSs2LLdYDADcIBhY=", 
        "result": null, 
        "hidden": false
    }
},
{
    "pk": 34, 
    "model": "djcelery.taskmeta", 
    "fields": {
        "status": "SUCCESS", 
        "task_id": "f9b3254d-c6c6-4adf-91a6-2b7c2830a5d2", 
        "date_done": "2014-03-12T07:43:24.763", 
        "traceback": null, 
        "meta": "eJxrYKotZAzlSM7IzEkpSs2LLdYDADcIBhY=", 
        "result": null, 
        "hidden": false
    }
},
{
    "pk": 35, 
    "model": "djcelery.taskmeta", 
    "fields": {
        "status": "SUCCESS", 
        "task_id": "917d32f5-bbee-4529-bdbe-c0c0be6d1288", 
        "date_done": "2014-03-12T07:43:26.666", 
        "traceback": null, 
        "meta": "eJxrYKotZAzlSM7IzEkpSs2LLdYDADcIBhY=", 
        "result": null, 
        "hidden": false
    }
},
{
    "pk": 36, 
    "model": "djcelery.taskmeta", 
    "fields": {
        "status": "SUCCESS", 
        "task_id": "738df195-1e4d-426b-ad0c-7ad3f95bd8c0", 
        "date_done": "2014-03-12T07:43:54.601", 
        "traceback": null, 
        "meta": "eJwdkrnOYDUMRsWwDfsM27zALWiMnNhJ7JeguyWF7TgaJIT0Q41ExXPjS5PqxN9i//Pq75cP7tfx/rff95/5x68vr366rxbqqOOAuXRgOwrK6IBytDHO5qq//Pvy4X0NGy7TGkTvE3ikgIgrDDpES7l3m0V+dF+Luw7d4yEDeO0Jls4wxPvClC4oRX58Xx5s3ayD5EhgGgK+1OCgKfWxD8oq8pNSX9aPlyZRUM2kUWT57LRjzk4zeyvy01IXL8+J0NzKJ3KAV5CauQKPmq/di3x9X0e9RHhDzCjS9gFt9af7ii6ENv4nP7svbWtTP6XpWT5HV/DtCYGBnnO3Lk+iz8snr1DWBKXQSsQO2iMBcZIP4oORRX5RzSvSjFMFoZ16KKr5EdD3tJU1d9Az88v7slhHEKsWHzXzKIGnIviwdkotTkaRX90XyUmNHdBiObAgl7oYjBPenIa2MYr8+r5EN7NNhDl3zey8agdZAXPMjeYc+fT5zX1tS1I+E0bkBtZp4Jr1hByzlsvi2fubyj54hg18NBtwlLCy1Y5sCZ3Ou8mT/W0lmsePRSU6/pDpIM/pLdbVHJduemZ+e1+9aqY2SphNgJ0mqAwG6qrSzHINK/K72pFT6+EbZAtX81WqVnOQfGhgGfP59Pl9JQp9LnGCcJ0me7XgtjtQ3Svjajjw8fnDfeUiNz0LVlD1aSUsuHYdIWr2Ux3up88fy6dJ3TgmTIoiaSdY1Gmx7+M8mWf3It/lXz//BzZV9Zc=", 
        "result": null, 
        "hidden": false
    }
},
{
    "pk": 37, 
    "model": "djcelery.taskmeta", 
    "fields": {
        "status": "SUCCESS", 
        "task_id": "743e6a1e-3eac-48bc-9e03-229b1ad4c2c4", 
        "date_done": "2014-03-12T07:43:54.655", 
        "traceback": null, 
        "meta": "eJxrYKotZAzlSM7IzEkpSs2LLdYDADcIBhY=", 
        "result": null, 
        "hidden": false
    }
},
{
    "pk": 38, 
    "model": "djcelery.taskmeta", 
    "fields": {
        "status": "SUCCESS", 
        "task_id": "547c949e-93c9-434b-92ce-0063b534f0ce", 
        "date_done": "2014-03-12T07:43:54.783", 
        "traceback": null, 
        "meta": "eJxrYKotZAzlSM7IzEkpSs2LLdYDADcIBhY=", 
        "result": null, 
        "hidden": false
    }
},
{
    "pk": 39, 
    "model": "djcelery.taskmeta", 
    "fields": {
        "status": "SUCCESS", 
        "task_id": "024fc141-a5da-42b6-89ec-5f38d99fb971", 
        "date_done": "2014-03-12T07:43:54.825", 
        "traceback": null, 
        "meta": "eJxrYKotZAzlSM7IzEkpSs2LLdYDADcIBhY=", 
        "result": null, 
        "hidden": false
    }
},
{
    "pk": 40, 
    "model": "djcelery.taskmeta", 
    "fields": {
        "status": "SUCCESS", 
        "task_id": "19036cfc-40af-403c-945c-2d6a7ec0b538", 
        "date_done": "2014-03-12T07:43:54.956", 
        "traceback": null, 
        "meta": "eJxrYKotZAzlSM7IzEkpSs2LLdYDADcIBhY=", 
        "result": null, 
        "hidden": false
    }
},
{
    "pk": 41, 
    "model": "djcelery.taskmeta", 
    "fields": {
        "status": "SUCCESS", 
        "task_id": "99bdbd42-ff91-4e20-aad6-3c6005511eb6", 
        "date_done": "2014-03-12T07:43:54.999", 
        "traceback": null, 
        "meta": "eJxrYKotZAzlSM7IzEkpSs2LLdYDADcIBhY=", 
        "result": null, 
        "hidden": false
    }
},
{
    "pk": 42, 
    "model": "djcelery.taskmeta", 
    "fields": {
        "status": "SUCCESS", 
        "task_id": "ac7f800a-fb59-4f93-be90-b5a1fc94cfec", 
        "date_done": "2014-03-12T07:43:55.128", 
        "traceback": null, 
        "meta": "eJxrYKotZAzlSM7IzEkpSs2LLdYDADcIBhY=", 
        "result": null, 
        "hidden": false
    }
},
{
    "pk": 43, 
    "model": "djcelery.taskmeta", 
    "fields": {
        "status": "SUCCESS", 
        "task_id": "ac34a64e-1de3-4ddf-961e-67438979a0d9", 
        "date_done": "2014-03-12T07:43:55.182", 
        "traceback": null, 
        "meta": "eJxrYKotZAzlSM7IzEkpSs2LLdYDADcIBhY=", 
        "result": null, 
        "hidden": false
    }
},
{
    "pk": 44, 
    "model": "djcelery.taskmeta", 
    "fields": {
        "status": "SUCCESS", 
        "task_id": "38fe9cdc-1c7b-4804-928a-5fcb1b359155", 
        "date_done": "2014-03-12T07:43:55.336", 
        "traceback": null, 
        "meta": "eJxrYKotZAzlSM7IzEkpSs2LLdYDADcIBhY=", 
        "result": null, 
        "hidden": false
    }
},
{
    "pk": 45, 
    "model": "djcelery.taskmeta", 
    "fields": {
        "status": "SUCCESS", 
        "task_id": "6ac97e18-8b5d-43b0-aedd-7823b9743d52", 
        "date_done": "2014-03-12T07:43:55.456", 
        "traceback": null, 
        "meta": "eJxrYKotZAzlSM7IzEkpSs2LLdYDADcIBhY=", 
        "result": null, 
        "hidden": false
    }
},
{
    "pk": 46, 
    "model": "djcelery.taskmeta", 
    "fields": {
        "status": "SUCCESS", 
        "task_id": "89d44a60-66d9-4247-8ee5-be56d0ab4ce1", 
        "date_done": "2014-03-12T07:43:55.756", 
        "traceback": null, 
        "meta": "eJxrYKotZAzlSM7IzEkpSs2LLdYDADcIBhY=", 
        "result": null, 
        "hidden": false
    }
},
{
    "pk": 47, 
    "model": "djcelery.taskmeta", 
    "fields": {
        "status": "SUCCESS", 
        "task_id": "a2f655d9-c9e2-41a3-a2c6-4160501f5543", 
        "date_done": "2014-03-12T07:43:55.845", 
        "traceback": null, 
        "meta": "eJxrYKotZAzlSM7IzEkpSs2LLdYDADcIBhY=", 
        "result": null, 
        "hidden": false
    }
},
{
    "pk": 48, 
    "model": "djcelery.taskmeta", 
    "fields": {
        "status": "SUCCESS", 
        "task_id": "dae394f6-5ced-496a-b9ea-bc8faa1e7ac6", 
        "date_done": "2014-03-12T07:43:56.190", 
        "traceback": null, 
        "meta": "eJxrYKotZAzlSM7IzEkpSs2LLdYDADcIBhY=", 
        "result": null, 
        "hidden": false
    }
},
{
    "pk": 49, 
    "model": "djcelery.taskmeta", 
    "fields": {
        "status": "SUCCESS", 
        "task_id": "0ee4b1b7-9669-42ba-b8f4-5478028c2a3c", 
        "date_done": "2014-03-12T07:43:56.235", 
        "traceback": null, 
        "meta": "eJxrYKotZAzlSM7IzEkpSs2LLdYDADcIBhY=", 
        "result": null, 
        "hidden": false
    }
},
{
    "pk": 50, 
    "model": "djcelery.taskmeta", 
    "fields": {
        "status": "SUCCESS", 
        "task_id": "5546ca50-9281-4c8a-94ab-2a783f24d18e", 
        "date_done": "2014-03-12T07:43:56.675", 
        "traceback": null, 
        "meta": "eJxrYKotZAzlSM7IzEkpSs2LLdYDADcIBhY=", 
        "result": null, 
        "hidden": false
    }
},
{
    "pk": 51, 
    "model": "djcelery.taskmeta", 
    "fields": {
        "status": "SUCCESS", 
        "task_id": "1b107edc-95c2-45dc-b816-4e4c0b20d7f8", 
        "date_done": "2014-03-12T07:43:56.731", 
        "traceback": null, 
        "meta": "eJxrYKotZAzlSM7IzEkpSs2LLdYDADcIBhY=", 
        "result": null, 
        "hidden": false
    }
},
{
    "pk": 52, 
    "model": "djcelery.taskmeta", 
    "fields": {
        "status": "SUCCESS", 
        "task_id": "a6fbfaca-ffb1-4ceb-8af9-74971b079d36", 
        "date_done": "2014-03-12T07:43:57.164", 
        "traceback": null, 
        "meta": "eJxrYKotZAzlSM7IzEkpSs2LLdYDADcIBhY=", 
        "result": null, 
        "hidden": false
    }
},
{
    "pk": 53, 
    "model": "djcelery.taskmeta", 
    "fields": {
        "status": "SUCCESS", 
        "task_id": "9d2cae63-f482-4755-95fe-c3d7a7d6a936", 
        "date_done": "2014-03-12T07:43:57.217", 
        "traceback": null, 
        "meta": "eJxrYKotZAzlSM7IzEkpSs2LLdYDADcIBhY=", 
        "result": null, 
        "hidden": false
    }
},
{
    "pk": 54, 
    "model": "djcelery.taskmeta", 
    "fields": {
        "status": "SUCCESS", 
        "task_id": "2dbe315d-44a8-4b36-9854-329981aae75a", 
        "date_done": "2014-03-12T07:43:57.642", 
        "traceback": null, 
        "meta": "eJxrYKotZAzlSM7IzEkpSs2LLdYDADcIBhY=", 
        "result": null, 
        "hidden": false
    }
},
{
    "pk": 55, 
    "model": "djcelery.taskmeta", 
    "fields": {
        "status": "SUCCESS", 
        "task_id": "3af071c0-73b2-459e-8924-da25ca62a223", 
        "date_done": "2014-03-12T07:43:57.686", 
        "traceback": null, 
        "meta": "eJxrYKotZAzlSM7IzEkpSs2LLdYDADcIBhY=", 
        "result": null, 
        "hidden": false
    }
},
{
    "pk": 56, 
    "model": "djcelery.taskmeta", 
    "fields": {
        "status": "SUCCESS", 
        "task_id": "9b312cbd-8d84-43af-9ac7-e4f3506cab68", 
        "date_done": "2014-03-12T07:43:58.119", 
        "traceback": null, 
        "meta": "eJxrYKotZAzlSM7IzEkpSs2LLdYDADcIBhY=", 
        "result": null, 
        "hidden": false
    }
},
{
    "pk": 57, 
    "model": "djcelery.taskmeta", 
    "fields": {
        "status": "SUCCESS", 
        "task_id": "e1bc795e-5c5f-4081-bf05-35b9d11096c6", 
        "date_done": "2014-03-12T07:44:00.145", 
        "traceback": null, 
        "meta": "eJxrYKotZAzlSM7IzEkpSs2LLWQKVUm2sEgxTE5M1jU2sTDXNUlNTNFNNDI30E0yM7EwSjaxNDE2SPNrK2ROLNYDAFb0Eh8=", 
        "result": null, 
        "hidden": false
    }
},
{
    "pk": 58, 
    "model": "djcelery.taskmeta", 
    "fields": {
        "status": "SUCCESS", 
        "task_id": "290ee052-a8a0-4e02-bc42-c65552715c06", 
        "date_done": "2014-03-12T07:44:00.179", 
        "traceback": null, 
        "meta": "eJxrYKotZAzlSM7IzEkpSs2LLdYDADcIBhY=", 
        "result": null, 
        "hidden": false
    }
},
{
    "pk": 59, 
    "model": "djcelery.taskmeta", 
    "fields": {
        "status": "SUCCESS", 
        "task_id": "dc98b276-84d6-4b60-bad2-3c224071050e", 
        "date_done": "2014-03-12T07:44:00.301", 
        "traceback": null, 
        "meta": "eJxrYKotZAzlSM7IzEkpSs2LLdYDADcIBhY=", 
        "result": null, 
        "hidden": false
    }
},
{
    "pk": 60, 
    "model": "djcelery.taskmeta", 
    "fields": {
        "status": "SUCCESS", 
        "task_id": "e539ea51-1460-4d80-aa1b-f9fd86664459", 
        "date_done": "2014-03-12T07:44:00.390", 
        "traceback": null, 
        "meta": "eJxrYKotZAzlSM7IzEkpSs2LLdYDADcIBhY=", 
        "result": null, 
        "hidden": false
    }
},
{
    "pk": 61, 
    "model": "djcelery.taskmeta", 
    "fields": {
        "status": "SUCCESS", 
        "task_id": "e73ba9f7-7c3b-4a54-807d-3309e2f9d4d5", 
        "date_done": "2014-03-12T07:44:00.639", 
        "traceback": null, 
        "meta": "eJxrYKotZAzlSM7IzEkpSs2LLdYDADcIBhY=", 
        "result": null, 
        "hidden": false
    }
},
{
    "pk": 62, 
    "model": "djcelery.taskmeta", 
    "fields": {
        "status": "SUCCESS", 
        "task_id": "17d15649-9d27-463e-8855-d9c0c13c6e59", 
        "date_done": "2014-03-12T07:44:00.729", 
        "traceback": null, 
        "meta": "eJxrYKotZAzlSM7IzEkpSs2LLdYDADcIBhY=", 
        "result": null, 
        "hidden": false
    }
},
{
    "pk": 63, 
    "model": "djcelery.taskmeta", 
    "fields": {
        "status": "SUCCESS", 
        "task_id": "2a8aeb0e-63cb-43de-ac4d-4bdfb464462b", 
        "date_done": "2014-03-12T07:44:00.918", 
        "traceback": null, 
        "meta": "eJxrYKotZAzlSM7IzEkpSs2LLdYDADcIBhY=", 
        "result": null, 
        "hidden": false
    }
},
{
    "pk": 64, 
    "model": "djcelery.taskmeta", 
    "fields": {
        "status": "SUCCESS", 
        "task_id": "f4d0eed9-bd3b-4f6b-929f-8d373f1a30ce", 
        "date_done": "2014-03-12T07:44:00.970", 
        "traceback": null, 
        "meta": "eJxrYKotZAzlSM7IzEkpSs2LLdYDADcIBhY=", 
        "result": null, 
        "hidden": false
    }
},
{
    "pk": 65, 
    "model": "djcelery.taskmeta", 
    "fields": {
        "status": "SUCCESS", 
        "task_id": "5bc2eb6f-5bc9-4d80-8adb-efba9e7d530e", 
        "date_done": "2014-03-12T07:44:01.004", 
        "traceback": null, 
        "meta": "eJxrYKotZAzlSM7IzEkpSs2LLdYDADcIBhY=", 
        "result": null, 
        "hidden": false
    }
},
{
    "pk": 66, 
    "model": "djcelery.taskmeta", 
    "fields": {
        "status": "SUCCESS", 
        "task_id": "362165d0-3617-443d-bea5-12f5baf9e258", 
        "date_done": "2014-03-12T07:44:01.029", 
        "traceback": null, 
        "meta": "eJxrYKotZAzlSM7IzEkpSs2LLdYDADcIBhY=", 
        "result": null, 
        "hidden": false
    }
},
{
    "pk": 67, 
    "model": "djcelery.taskmeta", 
    "fields": {
        "status": "SUCCESS", 
        "task_id": "c88d1cac-3487-4ead-a270-b6482c49430f", 
        "date_done": "2014-03-12T07:44:01.052", 
        "traceback": null, 
        "meta": "eJxrYKotZAzlSM7IzEkpSs2LLdYDADcIBhY=", 
        "result": null, 
        "hidden": false
    }
},
{
    "pk": 68, 
    "model": "djcelery.taskmeta", 
    "fields": {
        "status": "SUCCESS", 
        "task_id": "45c09520-1ed3-4e37-8fbf-7a333e7b14a0", 
        "date_done": "2014-03-12T07:44:01.077", 
        "traceback": null, 
        "meta": "eJxrYKotZAzlSM7IzEkpSs2LLdYDADcIBhY=", 
        "result": null, 
        "hidden": false
    }
},
{
    "pk": 69, 
    "model": "djcelery.taskmeta", 
    "fields": {
        "status": "SUCCESS", 
        "task_id": "2f16b0bc-a090-43fd-ab46-4798f82dd7fa", 
        "date_done": "2014-03-12T07:44:02.052", 
        "traceback": null, 
        "meta": "eJxrYKotZAzlSM7IzEkpSs2LLdYDADcIBhY=", 
        "result": null, 
        "hidden": false
    }
},
{
    "pk": 70, 
    "model": "djcelery.taskmeta", 
    "fields": {
        "status": "SUCCESS", 
        "task_id": "0d76a3cf-910e-4028-b7d1-5fc4e7fd18f5", 
        "date_done": "2014-03-12T07:44:08.709", 
        "traceback": null, 
        "meta": "eJwVyz0KAjEQBlBcFTzIFjYj+Zkkk0vYpbQw+SYoLEK0Fqw8t2v/3md6j005tNt9wVMflzEdyxxdRFPryYcsxFGUcgueBGCFcIWm83dsy+x6MJwBApISO+10NV3IOsvJR2+S+ctdme2aUWFIukRiDpWqr6CUsuauHLLDKvf6Ov0A/ako7Q==", 
        "result": null, 
        "hidden": false
    }
},
{
    "pk": 71, 
    "model": "djcelery.taskmeta", 
    "fields": {
        "status": "SUCCESS", 
        "task_id": "626dce13-3598-468e-9c53-8dd4ed84bde7", 
        "date_done": "2014-03-12T07:44:08.747", 
        "traceback": null, 
        "meta": "eJxrYKotZAzlSM7IzEkpSs2LLdYDADcIBhY=", 
        "result": null, 
        "hidden": false
    }
},
{
    "pk": 72, 
    "model": "djcelery.taskmeta", 
    "fields": {
        "status": "SUCCESS", 
        "task_id": "aebebb11-2524-4a32-8bdc-93be494c4186", 
        "date_done": "2014-03-12T07:44:08.774", 
        "traceback": null, 
        "meta": "eJxrYKotZAzlSM7IzEkpSs2LLdYDADcIBhY=", 
        "result": null, 
        "hidden": false
    }
},
{
    "pk": 73, 
    "model": "djcelery.taskmeta", 
    "fields": {
        "status": "SUCCESS", 
        "task_id": "2f5049dd-dd7e-42ef-a0f8-121473630707", 
        "date_done": "2014-03-12T07:44:08.801", 
        "traceback": null, 
        "meta": "eJxrYKotZAzlSM7IzEkpSs2LLdYDADcIBhY=", 
        "result": null, 
        "hidden": false
    }
},
{
    "pk": 74, 
    "model": "djcelery.taskmeta", 
    "fields": {
        "status": "SUCCESS", 
        "task_id": "b3b3b1a0-410e-478d-8221-c9ebed983cd5", 
        "date_done": "2014-03-12T07:44:08.848", 
        "traceback": null, 
        "meta": "eJxrYKotZAzlSM7IzEkpSs2LLdYDADcIBhY=", 
        "result": null, 
        "hidden": false
    }
},
{
    "pk": 75, 
    "model": "djcelery.taskmeta", 
    "fields": {
        "status": "SUCCESS", 
        "task_id": "18dddbd0-8f86-445b-b3bd-779e9fe4592d", 
        "date_done": "2014-03-12T07:44:08.884", 
        "traceback": null, 
        "meta": "eJxrYKotZAzlSM7IzEkpSs2LLdYDADcIBhY=", 
        "result": null, 
        "hidden": false
    }
},
{
    "pk": 76, 
    "model": "djcelery.taskmeta", 
    "fields": {
        "status": "SUCCESS", 
        "task_id": "7629bcb1-39fa-4a4d-888d-24117136e550", 
        "date_done": "2014-03-12T07:44:08.932", 
        "traceback": null, 
        "meta": "eJxrYKotZAzlSM7IzEkpSs2LLdYDADcIBhY=", 
        "result": null, 
        "hidden": false
    }
},
{
    "pk": 77, 
    "model": "djcelery.taskmeta", 
    "fields": {
        "status": "SUCCESS", 
        "task_id": "b6d270c2-6729-4ee2-8f32-21dcb7c62b39", 
        "date_done": "2014-03-12T07:44:10.031", 
        "traceback": null, 
        "meta": "eJwlk7nOIEUMhMVyLffCcrzABCRG7aOvl9hsQgK73S2QENIPMRIRz00NaBIH37hcZfffr/56ee9+vX759bf8Y//+88urH++rm+7mvEm3L7IRi+YuSiIz2NOWLHv3z8v791XEzmJj8ppOJtFozL2oHh0554nZGeQH9zVnZKQJnTOZbEsh92ykq5VSK/OOBvLD+/Kl5s02cW4lyzw0G4ZpGGvMPr3kBPnRfTVfs28eNKImmQZ67kzqQxTKplkF5MfoKafVmpPW3ELGruSyGqpWauFTqynI13C0twVHh2abjyOnGMeoWh9FxhLXBfKT++Lg0ncim7rQs6KKwei5bZWQkv0MkJ/Ce8ry3ZSODZC9VvxzNi3N7j2bT328f3Zf6qd0XoW6xtNzbuQpRulSlzdxkWfOz+9LJiYtVciHF2gWoViId8Fnlc51lafnF/e1q87tlYmtgczxJM9BZ54crTWDDMgv4agn12aTMHAnawr1gWFzrrIYm9r/kV/d17GEPPKM1CA7LWjKPDRSux7EW9YG+ea+aizBag+hmP+rD8+gfcLn7lm1POTX8N6EW81C2hjq2B4F5iaWU8MPFlefPL+5L4O5WXFBvBMXsrXTOHGou6ruHmxeQL5FSodbFNyvlwnvepI8DDvqc5whiR05yG9xITt2BDNJRd7mKriqZ7ka26Yt4/Hk+d19heLjJ3QuG51G0hDh57QCkQxdWUF+j3fU8GBWMOk8eB1uIAdwMebOijjrM+cP+8+f/gWk1PK/", 
        "result": null, 
        "hidden": false
    }
},
{
    "pk": 78, 
    "model": "djcelery.taskmeta", 
    "fields": {
        "status": "SUCCESS", 
        "task_id": "2df04ace-99b7-47b1-8734-10f74c5eda15", 
        "date_done": "2014-03-12T07:45:08.266", 
        "traceback": null, 
        "meta": "eJxrYKotZAzlSM7IzEkpSs2LLdYDADcIBhY=", 
        "result": null, 
        "hidden": false
    }
},
{
    "pk": 79, 
    "model": "djcelery.taskmeta", 
    "fields": {
        "status": "SUCCESS", 
        "task_id": "4bb0059b-aa05-4164-b59b-2744244a99b0", 
        "date_done": "2014-03-12T07:45:33.789", 
        "traceback": null, 
        "meta": "eJxrYKotZAzlSM7IzEkpSs2LLdYDADcIBhY=", 
        "result": null, 
        "hidden": false
    }
},
{
    "pk": 80, 
    "model": "djcelery.taskmeta", 
    "fields": {
        "status": "SUCCESS", 
        "task_id": "a708fb02-9038-4e62-8b25-66d8de1cea95", 
        "date_done": "2014-03-12T07:45:49.691", 
        "traceback": null, 
        "meta": "eJxrYKotZAzlSM7IzEkpSs2LLdYDADcIBhY=", 
        "result": null, 
        "hidden": false
    }
},
{
    "pk": 81, 
    "model": "djcelery.taskmeta", 
    "fields": {
        "status": "SUCCESS", 
        "task_id": "aea85875-cf5b-4cb0-a537-4a2d271a5dda", 
        "date_done": "2014-03-12T07:46:02.272", 
        "traceback": null, 
        "meta": "eJxrYKotZAzlSM7IzEkpSs2LLdYDADcIBhY=", 
        "result": null, 
        "hidden": false
    }
},
{
    "pk": 82, 
    "model": "djcelery.taskmeta", 
    "fields": {
        "status": "SUCCESS", 
        "task_id": "aae61a47-81ae-446d-a4a3-3eedac2f7b34", 
        "date_done": "2014-03-13T06:44:20.470", 
        "traceback": null, 
        "meta": "eJxrYKotZAzlSM7IzEkpSs2LLdYDADcIBhY=", 
        "result": null, 
        "hidden": false
    }
},
{
    "pk": 83, 
    "model": "djcelery.taskmeta", 
    "fields": {
        "status": "SUCCESS", 
        "task_id": "581416ac-bee5-4f4b-881d-62b1ab23f483", 
        "date_done": "2014-03-13T06:44:21.448", 
        "traceback": null, 
        "meta": "eJxrYKotZAzlSM7IzEkpSs2LLdYDADcIBhY=", 
        "result": null, 
        "hidden": false
    }
},
{
    "pk": 1, 
    "model": "djcelery.crontabschedule", 
    "fields": {
        "month_of_year": "*", 
        "day_of_week": "*", 
        "hour": "4", 
        "minute": "0", 
        "day_of_month": "*"
    }
},
{
    "pk": 1, 
    "model": "djcelery.periodictasks", 
    "fields": {
        "last_update": "2014-03-12T17:40:29.542"
    }
},
{
    "pk": 1, 
    "model": "djcelery.periodictask", 
    "fields": {
        "task": "celery.backend_cleanup", 
        "name": "celery.backend_cleanup", 
        "exchange": null, 
        "last_run_at": "2014-03-13T11:44:20.413", 
        "args": "[]", 
        "enabled": true, 
        "routing_key": null, 
        "crontab": 1, 
        "interval": null, 
        "queue": null, 
        "total_run_count": 29, 
        "expires": null, 
        "kwargs": "{}", 
        "date_changed": "2014-03-13T06:44:20.422", 
        "description": ""
    }
},
{
    "pk": 1, 
    "model": "notification.noticetype", 
    "fields": {
        "default": 2, 
        "description": "A reporter has updated a story", 
        "display": "Reporter Story Update", 
        "label": "reporter_story_update"
    }
},
{
    "pk": 2, 
    "model": "notification.noticetype", 
    "fields": {
        "default": 2, 
        "description": "An editor has updated your story", 
        "display": "Editor Story Update", 
        "label": "editor_story_update"
    }
},
{
    "pk": 1, 
    "model": "south.migrationhistory", 
    "fields": {
        "applied": "2014-02-10T17:30:44.626", 
        "app_name": "djcelery", 
        "migration": "0001_initial"
    }
},
{
    "pk": 2, 
    "model": "south.migrationhistory", 
    "fields": {
        "applied": "2014-02-10T17:30:44.689", 
        "app_name": "djcelery", 
        "migration": "0002_v25_changes"
    }
},
{
    "pk": 3, 
    "model": "south.migrationhistory", 
    "fields": {
        "applied": "2014-02-10T17:30:44.730", 
        "app_name": "djcelery", 
        "migration": "0003_v26_changes"
    }
},
{
    "pk": 4, 
    "model": "south.migrationhistory", 
    "fields": {
        "applied": "2014-02-10T17:30:44.757", 
        "app_name": "djcelery", 
        "migration": "0004_v30_changes"
    }
},
{
    "pk": 5, 
    "model": "south.migrationhistory", 
    "fields": {
        "applied": "2014-02-12T14:53:38.045", 
        "app_name": "notifications", 
        "migration": "0001_initial"
    }
},
{
    "pk": 6, 
    "model": "south.migrationhistory", 
    "fields": {
        "applied": "2014-02-12T14:54:06.319", 
        "app_name": "notifications", 
        "migration": "0002_auto__add_field_notification_data"
    }
},
{
    "pk": 7, 
    "model": "south.migrationhistory", 
    "fields": {
        "applied": "2014-02-12T14:54:06.348", 
        "app_name": "notifications", 
        "migration": "0003_auto__add_field_notification_unread"
    }
},
{
    "pk": 8, 
    "model": "south.migrationhistory", 
    "fields": {
        "applied": "2014-03-03T16:37:43.200", 
        "app_name": "story", 
        "migration": "0001_initial"
    }
},
{
    "pk": 9, 
    "model": "south.migrationhistory", 
    "fields": {
        "applied": "2014-03-03T16:37:43.205", 
        "app_name": "story", 
        "migration": "0002_auto__chg_field_article_publish_date"
    }
},
{
    "pk": 10, 
    "model": "south.migrationhistory", 
    "fields": {
        "applied": "2014-03-03T16:37:43.210", 
        "app_name": "story", 
        "migration": "0003_auto__add_author__del_field_article_author"
    }
},
{
    "pk": 11, 
    "model": "south.migrationhistory", 
    "fields": {
        "applied": "2014-03-03T16:37:43.215", 
        "app_name": "story", 
        "migration": "0004_auto__del_author"
    }
},
{
    "pk": 12, 
    "model": "south.migrationhistory", 
    "fields": {
        "applied": "2014-03-03T16:37:43.221", 
        "app_name": "story", 
        "migration": "0005_auto__chg_field_article_publish_date"
    }
},
{
    "pk": 13, 
    "model": "south.migrationhistory", 
    "fields": {
        "applied": "2014-03-03T16:37:43.226", 
        "app_name": "story", 
        "migration": "0006_auto__chg_field_article_slug"
    }
},
{
    "pk": 14, 
    "model": "south.migrationhistory", 
    "fields": {
        "applied": "2014-03-03T16:37:43.231", 
        "app_name": "story", 
        "migration": "0007_auto__add_field_article_author"
    }
},
{
    "pk": 15, 
    "model": "south.migrationhistory", 
    "fields": {
        "applied": "2014-03-03T16:37:43.236", 
        "app_name": "story", 
        "migration": "0008_auto__add_field_article_byline"
    }
},
{
    "pk": 16, 
    "model": "south.migrationhistory", 
    "fields": {
        "applied": "2014-03-03T16:37:43.241", 
        "app_name": "story", 
        "migration": "0009_auto__add_field_article_send_now"
    }
},
{
    "pk": 17, 
    "model": "south.migrationhistory", 
    "fields": {
        "applied": "2014-03-03T16:37:43.246", 
        "app_name": "story", 
        "migration": "0010_auto__del_edit"
    }
},
{
    "pk": 18, 
    "model": "south.migrationhistory", 
    "fields": {
        "applied": "2014-03-03T16:37:43.251", 
        "app_name": "story", 
        "migration": "0011_auto__chg_field_article_slug__chg_field_article_text__chg_field_articl"
    }
},
{
    "pk": 19, 
    "model": "south.migrationhistory", 
    "fields": {
        "applied": "2014-03-03T16:37:43.257", 
        "app_name": "story", 
        "migration": "0012_auto__chg_field_article_text"
    }
},
{
    "pk": 20, 
    "model": "south.migrationhistory", 
    "fields": {
        "applied": "2014-03-04T10:21:18.835", 
        "app_name": "story", 
        "migration": "0013_auto__add_mediaitem"
    }
},
{
    "pk": 21, 
    "model": "south.migrationhistory", 
    "fields": {
        "applied": "2014-03-04T10:21:18.865", 
        "app_name": "story", 
        "migration": "0014_auto"
    }
},
{
    "pk": 22, 
    "model": "south.migrationhistory", 
    "fields": {
        "applied": "2014-03-04T10:33:25.384", 
        "app_name": "story", 
        "migration": "0015_auto"
    }
},
{
    "pk": 2, 
    "model": "taggit.tag", 
    "fields": {
        "name": "tags", 
        "slug": "tags"
    }
},
{
    "pk": 3, 
    "model": "taggit.tag", 
    "fields": {
        "name": "test", 
        "slug": "test"
    }
},
{
    "pk": 5, 
    "model": "taggit.tag", 
    "fields": {
        "name": "New", 
        "slug": "new"
    }
},
{
    "pk": 6, 
    "model": "taggit.tag", 
    "fields": {
        "name": "Story", 
        "slug": "story"
    }
},
{
    "pk": 7, 
    "model": "taggit.tag", 
    "fields": {
        "name": "moved", 
        "slug": "moved"
    }
},
{
    "pk": 8, 
    "model": "taggit.tag", 
    "fields": {
        "name": "moved2", 
        "slug": "moved2"
    }
},
{
    "pk": 9, 
    "model": "taggit.tag", 
    "fields": {
        "name": "moved23", 
        "slug": "moved23"
    }
},
{
    "pk": 10, 
    "model": "taggit.tag", 
    "fields": {
        "name": "wurd", 
        "slug": "wurd"
    }
},
{
    "pk": 11, 
    "model": "taggit.tag", 
    "fields": {
        "name": "mvoed", 
        "slug": "mvoed"
    }
},
{
    "pk": 12, 
    "model": "taggit.tag", 
    "fields": {
        "name": "tag", 
        "slug": "tag"
    }
},
{
    "pk": 13, 
    "model": "taggit.tag", 
    "fields": {
        "name": "media", 
        "slug": "media"
    }
},
{
    "pk": 14, 
    "model": "taggit.tag", 
    "fields": {
        "name": "item", 
        "slug": "item"
    }
},
{
    "pk": 15, 
    "model": "taggit.tag", 
    "fields": {
        "name": "bacon", 
        "slug": "bacon"
    }
},
{
    "pk": 16, 
    "model": "taggit.tag", 
    "fields": {
        "name": "text", 
        "slug": "text"
    }
},
{
    "pk": 18, 
    "model": "taggit.tag", 
    "fields": {
        "name": "error", 
        "slug": "error"
    }
},
{
    "pk": 19, 
    "model": "taggit.tag", 
    "fields": {
        "name": "Anthonys_new_tag", 
        "slug": "anthonys_new_tag"
    }
},
{
    "pk": 20, 
    "model": "taggit.tag", 
    "fields": {
        "name": "dfss", 
        "slug": "dfss"
    }
},
{
    "pk": 21, 
    "model": "taggit.tag", 
    "fields": {
        "name": "fasdf", 
        "slug": "fasdf"
    }
},
{
    "pk": 5, 
    "model": "taggit.taggeditem", 
    "fields": {
        "tag": 5, 
        "content_type": [
            "story", 
            "article"
        ], 
        "object_id": 5
    }
},
{
    "pk": 6, 
    "model": "taggit.taggeditem", 
    "fields": {
        "tag": 6, 
        "content_type": [
            "story", 
            "article"
        ], 
        "object_id": 5
    }
},
{
    "pk": 7, 
    "model": "taggit.taggeditem", 
    "fields": {
        "tag": 3, 
        "content_type": [
            "story", 
            "article"
        ], 
        "object_id": 4
    }
},
{
    "pk": 8, 
    "model": "taggit.taggeditem", 
    "fields": {
        "tag": 7, 
        "content_type": [
            "story", 
            "article"
        ], 
        "object_id": 8
    }
},
{
    "pk": 9, 
    "model": "taggit.taggeditem", 
    "fields": {
        "tag": 8, 
        "content_type": [
            "story", 
            "article"
        ], 
        "object_id": 9
    }
},
{
    "pk": 13, 
    "model": "taggit.taggeditem", 
    "fields": {
        "tag": 10, 
        "content_type": [
            "story", 
            "article"
        ], 
        "object_id": 13
    }
},
{
    "pk": 23, 
    "model": "taggit.taggeditem", 
    "fields": {
        "tag": 2, 
        "content_type": [
            "story", 
            "article"
        ], 
        "object_id": 17
    }
},
{
    "pk": 26, 
    "model": "taggit.taggeditem", 
    "fields": {
        "tag": 3, 
        "content_type": [
            "story", 
            "article"
        ], 
        "object_id": 16
    }
},
{
    "pk": 27, 
    "model": "taggit.taggeditem", 
    "fields": {
        "tag": 7, 
        "content_type": [
            "story", 
            "article"
        ], 
        "object_id": 11
    }
},
{
    "pk": 28, 
    "model": "taggit.taggeditem", 
    "fields": {
        "tag": 11, 
        "content_type": [
            "story", 
            "article"
        ], 
        "object_id": 14
    }
},
{
    "pk": 29, 
    "model": "taggit.taggeditem", 
    "fields": {
        "tag": 7, 
        "content_type": [
            "story", 
            "article"
        ], 
        "object_id": 12
    }
},
{
    "pk": 30, 
    "model": "taggit.taggeditem", 
    "fields": {
        "tag": 3, 
        "content_type": [
            "story", 
            "article"
        ], 
        "object_id": 15
    }
},
{
    "pk": 31, 
    "model": "taggit.taggeditem", 
    "fields": {
        "tag": 12, 
        "content_type": [
            "story", 
            "article"
        ], 
        "object_id": 15
    }
},
{
    "pk": 32, 
    "model": "taggit.taggeditem", 
    "fields": {
        "tag": 15, 
        "content_type": [
            "story", 
            "article"
        ], 
        "object_id": 19
    }
},
{
    "pk": 33, 
    "model": "taggit.taggeditem", 
    "fields": {
        "tag": 9, 
        "content_type": [
            "story", 
            "article"
        ], 
        "object_id": 10
    }
},
{
    "pk": 35, 
    "model": "taggit.taggeditem", 
    "fields": {
        "tag": 2, 
        "content_type": [
            "story", 
            "article"
        ], 
        "object_id": 3
    }
},
{
    "pk": 47, 
    "model": "taggit.taggeditem", 
    "fields": {
        "tag": 19, 
        "content_type": [
            "story", 
            "mediaitem"
        ], 
        "object_id": 1
    }
},
{
    "pk": 53, 
    "model": "taggit.taggeditem", 
    "fields": {
        "tag": 20, 
        "content_type": [
            "story", 
            "article"
        ], 
        "object_id": 20
    }
},
{
    "pk": 54, 
    "model": "taggit.taggeditem", 
    "fields": {
        "tag": 21, 
        "content_type": [
            "story", 
            "mediaitem"
        ], 
        "object_id": 10
    }
},
{
    "pk": 61, 
    "model": "taggit.taggeditem", 
    "fields": {
        "tag": 21, 
        "content_type": [
            "story", 
            "mediaitem"
        ], 
        "object_id": 11
    }
},
{
    "pk": 62, 
    "model": "taggit.taggeditem", 
    "fields": {
        "tag": 16, 
        "content_type": [
            "story", 
            "mediaitem"
        ], 
        "object_id": 8
    }
},
{
    "pk": 63, 
    "model": "taggit.taggeditem", 
    "fields": {
        "tag": 18, 
        "content_type": [
            "story", 
            "mediaitem"
        ], 
        "object_id": 8
    }
},
{
    "pk": 64, 
    "model": "taggit.taggeditem", 
    "fields": {
        "tag": 3, 
        "content_type": [
            "story", 
            "mediaitem"
        ], 
        "object_id": 8
    }
},
{
    "pk": 65, 
    "model": "taggit.taggeditem", 
    "fields": {
        "tag": 13, 
        "content_type": [
            "story", 
            "mediaitem"
        ], 
        "object_id": 8
    }
},
{
    "pk": 66, 
    "model": "taggit.taggeditem", 
    "fields": {
        "tag": 14, 
        "content_type": [
            "story", 
            "mediaitem"
        ], 
        "object_id": 8
    }
},
{
    "pk": 1, 
    "model": "account.userprofile", 
    "fields": {
        "website": "", 
        "can_publish": true, 
        "about": "", 
        "byline": "By Anthony", 
        "bio": "<p>Crazy Django Djunky</p>", 
        "pub_type": null, 
        "twitter": "", 
        "user_type": "Editor", 
        "zipcode": "", 
        "phone": "402-555-5556", 
        "state": "NE", 
        "pub_area": "", 
        "facebook": "", 
        "user": [
            "anthony"
        ], 
        "address": "", 
        "pub_name": "", 
        "city": ""
    }
},
{
    "pk": 2, 
    "model": "account.userprofile", 
    "fields": {
        "website": "", 
        "can_publish": true, 
        "about": "", 
        "byline": "", 
        "bio": "", 
        "pub_type": null, 
        "twitter": "", 
        "user_type": "Editor", 
        "zipcode": "", 
        "phone": "", 
        "state": "NE", 
        "pub_area": "", 
        "facebook": "", 
        "user": [
            "mkquinlan"
        ], 
        "address": "", 
        "pub_name": "", 
        "city": ""
    }
},
{
    "pk": 3, 
    "model": "account.userprofile", 
    "fields": {
        "website": null, 
        "can_publish": false, 
        "about": null, 
        "byline": null, 
        "bio": null, 
        "pub_type": null, 
        "twitter": null, 
        "user_type": "Client", 
        "zipcode": null, 
        "phone": null, 
        "state": "NE", 
        "pub_area": null, 
        "facebook": null, 
        "user": [
            "8780dea644fd0508ba719bc77b42de"
        ], 
        "address": null, 
        "pub_name": null, 
        "city": null
    }
},
{
    "pk": 4, 
    "model": "account.userprofile", 
    "fields": {
        "website": "", 
        "can_publish": false, 
        "about": "", 
        "byline": "", 
        "bio": "", 
        "pub_type": "Newspaper", 
        "twitter": "", 
        "user_type": "Client", 
        "zipcode": "68504", 
        "phone": "1234567890", 
        "state": "NE", 
        "pub_area": "Nebraska", 
        "facebook": "Ainsworthnews", 
        "user": [
            "special"
        ], 
        "address": "Andersen Hall", 
        "pub_name": " Some Organization", 
        "city": "Lincoln"
    }
},
{
    "pk": 5, 
    "model": "account.userprofile", 
    "fields": {
        "website": null, 
        "can_publish": false, 
        "about": null, 
        "byline": null, 
        "bio": null, 
        "pub_type": null, 
        "twitter": null, 
        "user_type": "Client", 
        "zipcode": null, 
        "phone": null, 
        "state": "NE", 
        "pub_area": null, 
        "facebook": null, 
        "user": [
            "1ca3020150a79498da25a0496b070a"
        ], 
        "address": null, 
        "pub_name": null, 
        "city": null
    }
},
{
    "pk": 6, 
    "model": "account.userprofile", 
    "fields": {
        "website": null, 
        "can_publish": false, 
        "about": null, 
        "byline": null, 
        "bio": null, 
        "pub_type": null, 
        "twitter": null, 
        "user_type": "Client", 
        "zipcode": null, 
        "phone": null, 
        "state": "NE", 
        "pub_area": null, 
        "facebook": null, 
        "user": [
            "77b75d9551f2e8105d7dc61760714d"
        ], 
        "address": null, 
        "pub_name": null, 
        "city": null
    }
},
{
    "pk": 7, 
    "model": "account.userprofile", 
    "fields": {
        "website": null, 
        "can_publish": false, 
        "about": null, 
        "byline": null, 
        "bio": null, 
        "pub_type": null, 
        "twitter": null, 
        "user_type": "Client", 
        "zipcode": null, 
        "phone": null, 
        "state": "NE", 
        "pub_area": null, 
        "facebook": null, 
        "user": [
            "f326d9e311a0f89441a62b4b608184"
        ], 
        "address": null, 
        "pub_name": null, 
        "city": null
    }
},
{
    "pk": 8, 
    "model": "account.userprofile", 
    "fields": {
        "website": null, 
        "can_publish": false, 
        "about": null, 
        "byline": null, 
        "bio": null, 
        "pub_type": null, 
        "twitter": null, 
        "user_type": "Client", 
        "zipcode": null, 
        "phone": null, 
        "state": "NE", 
        "pub_area": null, 
        "facebook": null, 
        "user": [
            "d9309e82863ff44bf3576a9a1bcb62"
        ], 
        "address": null, 
        "pub_name": null, 
        "city": null
    }
},
{
    "pk": 9, 
    "model": "account.userprofile", 
    "fields": {
        "website": "", 
        "can_publish": false, 
        "about": "", 
        "byline": "By Joseph Moore, Nebraska News Service", 
        "bio": "", 
        "pub_type": null, 
        "twitter": "", 
        "user_type": "Reporter", 
        "zipcode": "", 
        "phone": "402-555-5123", 
        "state": "NE", 
        "pub_area": "", 
        "facebook": "", 
        "user": [
            "jmoore"
        ], 
        "address": "", 
        "pub_name": "", 
        "city": ""
    }
},
{
    "pk": 10, 
    "model": "account.userprofile", 
    "fields": {
        "website": "", 
        "can_publish": false, 
        "about": "", 
        "byline": "", 
        "bio": "", 
        "pub_type": "Radio", 
        "twitter": "", 
        "user_type": "Client", 
        "zipcode": "", 
        "phone": "", 
        "state": "NE", 
        "pub_area": "", 
        "facebook": "", 
        "user": [
            "6b4a86b609a08a20b9f4b41f5222f8"
        ], 
        "address": "", 
        "pub_name": "", 
        "city": ""
    }
},
{
    "pk": 11, 
    "model": "account.userprofile", 
    "fields": {
        "website": null, 
        "can_publish": false, 
        "about": null, 
        "byline": null, 
        "bio": null, 
        "pub_type": null, 
        "twitter": null, 
        "user_type": "Client", 
        "zipcode": null, 
        "phone": null, 
        "state": "NE", 
        "pub_area": null, 
        "facebook": null, 
        "user": [
            "837499538fc638372f1473c8a6c765"
        ], 
        "address": null, 
        "pub_name": null, 
        "city": null
    }
},
{
    "pk": 12, 
    "model": "account.userprofile", 
    "fields": {
        "website": null, 
        "can_publish": false, 
        "about": null, 
        "byline": null, 
        "bio": null, 
        "pub_type": null, 
        "twitter": null, 
        "user_type": "Client", 
        "zipcode": null, 
        "phone": null, 
        "state": "NE", 
        "pub_area": null, 
        "facebook": null, 
        "user": [
            "52fd73f550275c8f074e5a8acde83b"
        ], 
        "address": null, 
        "pub_name": null, 
        "city": null
    }
},
{
    "pk": 13, 
    "model": "account.userprofile", 
    "fields": {
        "website": null, 
        "can_publish": false, 
        "about": null, 
        "byline": null, 
        "bio": null, 
        "pub_type": null, 
        "twitter": null, 
        "user_type": "Client", 
        "zipcode": null, 
        "phone": null, 
        "state": "NE", 
        "pub_area": null, 
        "facebook": null, 
        "user": [
            "e8f27ed8130ced0c83bc446a862988"
        ], 
        "address": null, 
        "pub_name": null, 
        "city": null
    }
},
{
    "pk": 14, 
    "model": "account.userprofile", 
    "fields": {
        "website": "", 
        "can_publish": false, 
        "about": "", 
        "byline": "", 
        "bio": "", 
        "pub_type": null, 
        "twitter": "", 
        "user_type": "InactiveClient", 
        "zipcode": "", 
        "phone": "", 
        "state": "NE", 
        "pub_area": "", 
        "facebook": "", 
        "user": [
            "ecae2ed07c453451ec19861c560b8e"
        ], 
        "address": "", 
        "pub_name": "", 
        "city": ""
    }
},
{
    "pk": 15, 
    "model": "account.userprofile", 
    "fields": {
        "website": "", 
        "can_publish": false, 
        "about": "", 
        "byline": null, 
        "bio": null, 
        "pub_type": "Newspaper", 
        "twitter": "", 
        "user_type": "Client", 
        "zipcode": "12345", 
        "phone": "1234567890", 
        "state": "Nebraska", 
        "pub_area": "fancy2", 
        "facebook": "", 
        "user": [
            "2045e42b84229c5a4e8dafa2ecc820"
        ], 
        "address": "fancy2", 
        "pub_name": "fancy2", 
        "city": "fancy2"
    }
},
{
    "pk": 16, 
    "model": "account.userprofile", 
    "fields": {
        "website": "", 
        "can_publish": false, 
        "about": "", 
        "byline": null, 
        "bio": null, 
        "pub_type": "Newspaper", 
        "twitter": "", 
        "user_type": "Client", 
        "zipcode": "12345", 
        "phone": "1234567890", 
        "state": "Nebraska", 
        "pub_area": "fancy3", 
        "facebook": "", 
        "user": [
            "780c212ade5d8d6ee4ec9c5ae0e12b"
        ], 
        "address": "fancy3", 
        "pub_name": "fancy3", 
        "city": "fancy3"
    }
},
{
    "pk": 17, 
    "model": "account.userprofile", 
    "fields": {
        "website": "testreg.com", 
        "can_publish": false, 
        "about": "testreg", 
        "byline": null, 
        "bio": null, 
        "pub_type": "Newspaper", 
        "twitter": "testreg", 
        "user_type": "Client", 
        "zipcode": "12345", 
        "phone": "1234567890", 
        "state": "NE", 
        "pub_area": "testreg", 
        "facebook": "testreg", 
        "user": [
            "cf7f43af8c3dae59b70357492f2f8d"
        ], 
        "address": "testreg", 
        "pub_name": "testreg", 
        "city": "testreg"
    }
},
{
    "pk": 18, 
    "model": "account.userprofile", 
    "fields": {
        "website": "testingtest.com", 
        "can_publish": false, 
        "about": "testingtest", 
        "byline": null, 
        "bio": null, 
        "pub_type": "Newspaper", 
        "twitter": "testingtest", 
        "user_type": "Client", 
        "zipcode": "68502", 
        "phone": "1234567890", 
        "state": "NE", 
        "pub_area": "testingtest", 
        "facebook": "testingtest", 
        "user": [
            "5f4fdeea7a89dbef56b34bf8c37827"
        ], 
        "address": "testingtest", 
        "pub_name": "testingtest", 
        "city": "testingtest"
    }
},
{
    "pk": 19, 
    "model": "account.userprofile", 
    "fields": {
        "website": "testingtest.com", 
        "can_publish": false, 
        "about": "testingtest", 
        "byline": null, 
        "bio": null, 
        "pub_type": "Newspaper", 
        "twitter": "testingtest", 
        "user_type": "Client", 
        "zipcode": "68502", 
        "phone": "1234567890", 
        "state": "NE", 
        "pub_area": "testingtest", 
        "facebook": "testingtest", 
        "user": [
            "e1565ce6daa682550ed456b912d1c9"
        ], 
        "address": "testingtest", 
        "pub_name": "testingtest", 
        "city": "testingtest"
    }
},
{
    "pk": 20, 
    "model": "account.userprofile", 
    "fields": {
        "website": "", 
        "can_publish": false, 
        "about": "", 
        "byline": null, 
        "bio": null, 
        "pub_type": "Newspaper", 
        "twitter": "", 
        "user_type": "Client", 
        "zipcode": "12345", 
        "phone": "1234567890", 
        "state": "NE", 
        "pub_area": "tester1", 
        "facebook": "", 
        "user": [
            "fdfd8b73fa344727d5402ccbc9710c"
        ], 
        "address": "tester1", 
        "pub_name": "tester1", 
        "city": "tester1"
    }
},
{
    "pk": 21, 
    "model": "account.userprofile", 
    "fields": {
        "website": "", 
        "can_publish": false, 
        "about": "", 
        "byline": null, 
        "bio": null, 
        "pub_type": "Newspaper", 
        "twitter": "", 
        "user_type": "Client", 
        "zipcode": "12345", 
        "phone": "1234567890", 
        "state": "NE", 
        "pub_area": "anthony", 
        "facebook": "", 
        "user": [
            "d1975bd8221963b9e07fd2dd3e5914"
        ], 
        "address": "anthony", 
        "pub_name": "anthony", 
        "city": "anthony"
    }
},
{
    "pk": 22, 
    "model": "account.userprofile", 
    "fields": {
        "website": "tester14.com", 
        "can_publish": false, 
        "about": "tester14", 
        "byline": null, 
        "bio": null, 
        "pub_type": "Newspaper", 
        "twitter": "tester14", 
        "user_type": "Client", 
        "zipcode": "12345", 
        "phone": "1234567890", 
        "state": "NE", 
        "pub_area": "tester14", 
        "facebook": "tester14", 
        "user": [
            "986f70f819aa764c64edf7ef88a160"
        ], 
        "address": "tester14", 
        "pub_name": "tester14", 
        "city": "tester14"
    }
},
{
    "pk": 23, 
    "model": "account.userprofile", 
    "fields": {
        "website": "tester15.com", 
        "can_publish": false, 
        "about": "", 
        "byline": null, 
        "bio": null, 
        "pub_type": "Newspaper", 
        "twitter": "", 
        "user_type": "Client", 
        "zipcode": "12345", 
        "phone": "1234567890", 
        "state": "NE", 
        "pub_area": "tester15", 
        "facebook": "tester15", 
        "user": [
            "c1c12deaedc9ed376dbe7758497271"
        ], 
        "address": "tester15", 
        "pub_name": "tester15", 
        "city": "tester15"
    }
},
{
    "pk": 1, 
    "model": "story.mediaitem", 
    "fields": {
        "byline": "By Anthony", 
        "author": [
            "anthony"
        ], 
        "text": "<p>This is an added paragraph to the create new media test.</p>\r\n", 
        "title": "Functional Test Add Media Title", 
        "send_now": true, 
        "docfile": "docs/2014/03/04/NNS_Fall2013.jpg", 
        "email_text": "<p>Editors/News Directors:</p><p></p><p>Thank you,</p><p>Nebraska News Service</p>", 
        "created_on": "2014-03-04T10:25:39.968", 
        "publish_date": "2014-03-04T10:21:00", 
        "slug": "new-media-item-04-mar-2014", 
        "is_published": false
    }
},
{
    "pk": 2, 
    "model": "story.mediaitem", 
    "fields": {
        "byline": "By Anthony", 
        "author": [
            "anthony"
        ], 
        "text": "<p>Make some media 1<br></p>", 
        "title": "Make some media 1", 
        "send_now": false, 
        "docfile": "docs/2014/03/04/docs_2013_11_26_ballot.jpeg", 
        "email_text": "<p>Editors/News Directors:</p><p></p><p>Thank you,</p><p>Nebraska News Service</p>", 
        "created_on": "2014-03-04T10:34:16.796", 
        "publish_date": "2014-03-04T10:33:00", 
        "slug": "make-some-media-1-04-mar-2014", 
        "is_published": false
    }
},
{
    "pk": 3, 
    "model": "story.mediaitem", 
    "fields": {
        "byline": "By Anthony", 
        "author": [
            "anthony"
        ], 
        "text": "<p>Make some media 2<br></p>", 
        "title": "Make some media 2", 
        "send_now": false, 
        "docfile": "docs/2014/03/04/NNS_Spring2014_4web.jpg", 
        "email_text": "<p>Editors/News Directors:</p><p></p><p>Thank you,</p><p>Nebraska News Service</p>", 
        "created_on": "2014-03-04T10:34:29.708", 
        "publish_date": "2014-03-04T10:33:00", 
        "slug": "make-some-media-2-04-mar-2014", 
        "is_published": false
    }
},
{
    "pk": 4, 
    "model": "story.mediaitem", 
    "fields": {
        "byline": "By Anthony", 
        "author": [
            "anthony"
        ], 
        "text": "<p>apps/story/migrations/0015_auto.py<br></p>", 
        "title": "Another Media Item", 
        "send_now": false, 
        "docfile": "docs/2014/03/04/sanctuary_windowflower.jpg", 
        "email_text": "<p>Editors/News Directors:</p><p></p><p>Thank you,</p><p>Nebraska News Service</p>", 
        "created_on": "2014-03-04T10:50:27.946", 
        "publish_date": "2014-03-04T10:50:00", 
        "slug": "another-media-item-04-mar-2014", 
        "is_published": false
    }
},
{
    "pk": 5, 
    "model": "story.mediaitem", 
    "fields": {
        "byline": "By Anthony", 
        "author": [
            "anthony"
        ], 
        "text": "<p>media item with docfile<br></p>", 
        "title": "media item with docfile", 
        "send_now": false, 
        "docfile": "docs/2014/03/04/communion_greyscale.jpg", 
        "email_text": "<p>Editors/News Directors:</p><p></p><p>Thank you,</p><p>Nebraska News Service</p>", 
        "created_on": "2014-03-04T11:52:31.490", 
        "publish_date": "2014-03-04T11:51:00", 
        "slug": "media-item-with-docfile-04-mar-2014", 
        "is_published": false
    }
},
{
    "pk": 6, 
    "model": "story.mediaitem", 
    "fields": {
        "byline": "By Anthony", 
        "author": [
            "anthony"
        ], 
        "text": "<p>Here's a much longer description about my test media item. This would contain names, dates, and other info about the subject and context of the photo.<br></p><p><br></p><p>Thanks,</p><p>Anthony</p>\r\n", 
        "title": "NNS Spring of 2013 photo.", 
        "send_now": false, 
        "docfile": "docs/2014/03/12/NNS_Spring2014_4web.jpg", 
        "email_text": "<p>Editors/News Directors:</p><p></p><p>Thank you,</p><p>Nebraska News Service</p>", 
        "created_on": "2014-03-04T14:22:39.114", 
        "publish_date": "2014-03-04T14:22:00", 
        "slug": "test-headline-for-media-item-04-mar-2014", 
        "is_published": true
    }
},
{
    "pk": 7, 
    "model": "story.mediaitem", 
    "fields": {
        "byline": "By Joseph Moore, Nebraska News Service", 
        "author": [
            "jmoore"
        ], 
        "text": "<p>test new media item error text<br></p>", 
        "title": "test new media item error text", 
        "send_now": true, 
        "docfile": "", 
        "email_text": "<p>Editors/News Directors:</p><p></p><p>Thank you,</p><p>Nebraska News Service</p>", 
        "created_on": "2014-03-05T08:54:59.347", 
        "publish_date": "2014-03-04T15:41:00", 
        "slug": "test-new-media-item-error-text-04-mar-2014", 
        "is_published": false
    }
},
{
    "pk": 8, 
    "model": "story.mediaitem", 
    "fields": {
        "byline": "By Joseph Moore, Nebraska News Service", 
        "author": [
            "jmoore"
        ], 
        "text": "<p>test new media item error text<br></p>", 
        "title": "test new media item error text 2", 
        "send_now": false, 
        "docfile": "", 
        "email_text": "<p>Editors/News Directors:</p><p></p><p>Thank you,</p><p>Nebraska News Service</p>", 
        "created_on": "2014-03-05T08:55:22.515", 
        "publish_date": "2014-03-04T15:41:00", 
        "slug": "test-new-media-item-error-text-2-04-mar-2014", 
        "is_published": true
    }
},
{
    "pk": 9, 
    "model": "story.mediaitem", 
    "fields": {
        "byline": "By Anthony", 
        "author": [
            "anthony"
        ], 
        "text": "<p>Functional Test Add Media Title<br></p>", 
        "title": "Functional Test Add Media Title", 
        "send_now": false, 
        "docfile": "", 
        "email_text": "<p>Editors/News Directors:</p><p></p><p>Thank you,</p><p>Nebraska News Service</p>\r\n", 
        "created_on": "2014-03-05T14:16:46.552", 
        "publish_date": "2014-03-04T15:41:00", 
        "slug": "functional-test-add-media-title-04-mar-2014", 
        "is_published": true
    }
},
{
    "pk": 10, 
    "model": "story.mediaitem", 
    "fields": {
        "byline": "By Anthony", 
        "author": [
            "anthony"
        ], 
        "text": "<p>afed adf adfasdf</p>", 
        "title": "afdds", 
        "send_now": false, 
        "docfile": "", 
        "email_text": "<p>Editors/News Directors:</p><p></p><p>Thank you,</p><p>Nebraska News Service</p>", 
        "created_on": "2014-03-12T17:25:39.957", 
        "publish_date": "2014-03-12T17:25:00", 
        "slug": "afdds-12-mar-2014", 
        "is_published": false
    }
},
{
    "pk": 11, 
    "model": "story.mediaitem", 
    "fields": {
        "byline": "By Anthony", 
        "author": [
            "anthony"
        ], 
        "text": "<p>afed adf adfasdf</p>", 
        "title": "afddsgyuki", 
        "send_now": false, 
        "docfile": "", 
        "email_text": "<p>Editors/News Directors:</p><p></p><p>Thank you,</p><p>Nebraska News Service</p>", 
        "created_on": "2014-03-12T17:32:54.580", 
        "publish_date": "2014-03-12T17:25:00", 
        "slug": "afddsgyuki-12-mar-2014", 
        "is_published": false
    }
},
{
    "pk": 12, 
    "model": "story.mediaitem", 
    "fields": {
        "byline": "By Anthony", 
        "author": [
            "anthony"
        ], 
        "text": "<p><p></p><h3>urlizetrunc<a href=\"https://docs.djangoproject.com/en/1.6/ref/templates/builtins/#urlizetrunc\"></a></h3><p>Converts URLs and email addresses into clickable links just like&nbsp;<a href=\"https://docs.djangoproject.com/en/1.6/ref/templates/builtins/#urlize\">urlize</a>, but truncates URLs longer than the given character limit.</p><p><strong>Argument:</strong>&nbsp;Number of characters that link text should be truncated to, including the ellipsis that's added if truncation is necessary.</p><p>For example:</p><div><div><pre>{{ value|urlizetrunc:15 }}\r\n</pre><p></p></div><p>If&nbsp;value&nbsp;is&nbsp;\"Check&nbsp;out&nbsp;www.djangoproject.com\", the output would be'Check&nbsp;out&nbsp;&lt;a&nbsp;href=\"http://www.djangoproject.com\"&nbsp;rel=\"nofollow\"&gt;www.djangopr...&lt;/a&gt;'.</p><p>As with&nbsp;<a href=\"https://docs.djangoproject.com/en/1.6/ref/templates/builtins/#urlize\">urlize</a>, this filter should only be applied to plain text.</p></div><p></p><h3>wordcount<a href=\"https://docs.djangoproject.com/en/1.6/ref/templates/builtins/#wordcount\"></a></h3><p>Returns the number of words.</p><p>For example:</p><br></p>", 
        "title": "NNS Fall of 2013 Photo", 
        "send_now": false, 
        "docfile": "", 
        "email_text": "<p>Editors/News Directors:</p><p></p><p>Thank you,</p><p>Nebraska News Service</p>", 
        "created_on": "2014-03-12T18:03:52.445", 
        "publish_date": "2014-03-12T18:03:52.445", 
        "slug": "nns-fall-of-2013-photo-12-mar-2014", 
        "is_published": true
    }
},
{
    "pk": 13, 
    "model": "story.mediaitem", 
    "fields": {
        "byline": "By Anthony", 
        "author": [
            "anthony"
        ], 
        "text": "<p><p></p><h3>urlizetrunc<a href=\"https://docs.djangoproject.com/en/1.6/ref/templates/builtins/#urlizetrunc\"></a></h3><p>Converts URLs and email addresses into clickable links just like&nbsp;<a href=\"https://docs.djangoproject.com/en/1.6/ref/templates/builtins/#urlize\">urlize</a>, but truncates URLs longer than the given character limit.</p><p><strong>Argument:</strong>&nbsp;Number of characters that link text should be truncated to, including the ellipsis that's added if truncation is necessary.</p><p>For example:</p><div><div><pre>{{ value|urlizetrunc:15 }}\r\n</pre><p></p></div><p>If&nbsp;value&nbsp;is&nbsp;\"Check&nbsp;out&nbsp;www.djangoproject.com\", the output would be'Check&nbsp;out&nbsp;&lt;a&nbsp;href=\"http://www.djangoproject.com\"&nbsp;rel=\"nofollow\"&gt;www.djangopr...&lt;/a&gt;'.</p><p>As with&nbsp;<a href=\"https://docs.djangoproject.com/en/1.6/ref/templates/builtins/#urlize\">urlize</a>, this filter should only be applied to plain text.</p></div><p></p><h3>wordcount<a href=\"https://docs.djangoproject.com/en/1.6/ref/templates/builtins/#wordcount\"></a></h3><p>Returns the number of words.</p><p>For example:</p><br></p>", 
        "title": "NNS Fall of 2013 Front Page Photo", 
        "send_now": false, 
        "docfile": "docs/2014/03/12/NNS_Fall2013_1.jpg", 
        "email_text": "<p>Editors/News Directors:</p><p></p><p>Thank you,</p><p>Nebraska News Service</p>", 
        "created_on": "2014-03-12T18:04:44.465", 
        "publish_date": "2014-03-12T18:04:44.464", 
        "slug": "nns-fall-of-2013-front-page-photo-12-mar-2014", 
        "is_published": true
    }
},
{
    "pk": 14, 
    "model": "story.mediaitem", 
    "fields": {
        "byline": "By Anthony", 
        "author": [
            "anthony"
        ], 
        "text": "<p><p></p><h3>timesince<a href=\"https://docs.djangoproject.com/en/1.6/ref/templates/builtins/#timesince\"></a></h3><p>Formats a date as the time since that date (e.g., \"4 days, 6 hours\").</p><p>Takes an optional argument that is a variable containing the date to use as the comparison point (without the argument, the comparison point is&nbsp;<em>now</em>). For example, if&nbsp;blog_date&nbsp;is a date instance representing midnight on 1 June 2006, andcomment_date&nbsp;is a date instance for 08:00 on 1 June 2006, then the following would return \"8 hours\":</p><div><div><pre>{{ blog_date|timesince:comment_date }}\r\n</pre><p></p></div><p>Comparing offset-naive and offset-aware datetimes will return an empty string.</p><p>Minutes is the smallest unit used, and \"0 minutes\" will be returned for any date that is in the future relative to the comparison point.</p></div><p></p><h3>timeuntil<a href=\"https://docs.djangoproject.com/en/1.6/ref/templates/builtins/#timeuntil\"></a></h3><p>Similar to&nbsp;timesince, except that it measures the time from now until the given date or datetime. For example, if today is 1 June 2006 and&nbsp;conference_date&nbsp;is a date instance holding 29 June 2006, then&nbsp;{{&nbsp;conference_date|timeuntil&nbsp;}}&nbsp;will return \"4 weeks\".</p><p>Takes an optional argument that is a variable containing the date to use as the comparison point (instead of&nbsp;<em>now</em>). Iffrom_date&nbsp;contains 22 June 2006, then the following will return \"1 week\":</p><div><div><pre>{{ conference_date|timeuntil:from_date }}\r\n</pre><p></p></div><p>Comparing offset-naive and offset-aware datetimes will return an empty string.</p><p>Minutes is the smallest unit used, and \"0 minutes\" will be returned for any date that is in the past relative to the comparison point.</p></div><br></p>\r\n", 
        "title": "test empty media", 
        "send_now": false, 
        "docfile": "docs/2014/03/12/IMG_0418.JPG", 
        "email_text": "<p>Editors/News Directors:</p><p></p><p>Thank you,</p><p>Nebraska News Service</p>", 
        "created_on": "2014-03-12T18:06:58.358", 
        "publish_date": "2014-03-12T17:40:00", 
        "slug": "test-empty-media-12-mar-2014", 
        "is_published": false
    }
},
{
    "pk": 1, 
    "model": "story.article", 
    "fields": {
        "byline": "By Mary Kay Quinlan", 
        "mediaitems": [], 
        "author": [
            "mkquinlan"
        ], 
        "text": "<p></p><h1 style=\"text-align: center;\">Nebraska State Government News</h1><h3 style=\"text-align: center;\">Direct from the source, delivered to your inbox</h3><p>The Nebraska News Service is the state government news wire service provided by the University of Nebraska-Lincoln College of Journalism and Mass Communications. Our reporters cover a wide range of state government news, including the Nebraska Legislature, the governor's office, state agencies, decisions by Nebraska's Supreme Court, and other news stories as they arise. NNS provides news and information in the form of stories, photos and video. Located in Lincoln, the political heart of the state, we are able to provide our clients with powerful, relevant stories, straight from the source. In turn, our reporters get real-life experience and exposure to the news world. We put particular emphasis on providing content that is relevant to our clients and the communities they serve. Our current client list includes more than 100 newspapers throughout the state with a combined circulation exceeding 280,000, 16 radio stations and 6 television stations.</p><p>The Nebraska News Service is staffed by student reporters who submit a resume, cover letter and work samples as a condition for enrollment. The director is Mary Kay Quinlan.</p><br><p></p>\r\n", 
        "title": "Front Page", 
        "send_now": false, 
        "docfile": "docs/2014/02/24/NNS_Spring2014_4web.jpg", 
        "email_text": "<p><p>Editors/News Directors:</p><p>Thank you,</p><p>Nebraska News Service</p><br></p>", 
        "created_on": "2014-02-10T17:50:19.274", 
        "publish_date": "2013-01-01T00:00:00", 
        "slug": "front-page", 
        "is_published": false
    }
},
{
    "pk": 2, 
    "model": "story.article", 
    "fields": {
        "byline": "", 
        "mediaitems": [], 
        "author": [
            "mkquinlan"
        ], 
        "text": "<p></p><h3 style=\"text-align: center;\">What is the Nebraska News Service?</h3><p>The Nebraska News Service was established in 2011 to serve Nebraska news organizations by reporting on state government issues of interest to their audiences. It operates during the fall and spring semesters, but not during the summer. The news service is staffed by student reporters who submit a resume, cover letter and work samples as a condition for enrollment in this three-credit-hour course. The staff changes every semester. The director is Mary Kay Quinlan, Ph.D., associate professor of journalism.</p><hr><h3 style=\"text-align: center;\">Our Terms of Service</h3><ul><li>We welcome as clients any bona fide news organization, such as newspapers, news websites, radio and television stations. We are unable to serve publications or outlets of any sort that are affiliated with advocacy groups, including political parties and lobbying organizations.</li><li>We do not require you to publish anything we send you, but if you do publish our reporters' work, please remember that our reporters get paid only in bylines. So we ask that you credit the reporters by name and with the Nebraska News Service identification.</li><li>We hope you'll feel free to localize stories to suit your needs, but again, please give our reporters byline credit when you use their work.</li><li>We always welcome story ideas. Please contact the bureau chief at nns.mkquinlan@gmail.com. We cannot promise to cover everything you request, but we'll always do the best we can.</li><li>If you do choose to publish NNS stories, we'd like to get a complimentary subscription to your publication, as a courtesy, so we can track our efforts. Our mailing address is: Nebraska News Service, c/o Mary Kay Quinlan, 232 Andersen Hall, University of Nebraska-Lincoln, Lincoln, NE 68588-0474.</li></ul><hr><h3 style=\"text-align: center;\">Our Privacy Policy</h3><p>We will never use the information you provide us when you register for anything other than serving Nebraska News Service clients, because we want to be nice to you.<br></p><br><p></p>\r\n", 
        "title": "About Us", 
        "send_now": false, 
        "docfile": "", 
        "email_text": "<p><p>Editors/News Directors:</p><p>Thank you,</p><p>Nebraska News Service</p><br></p>", 
        "created_on": "2014-02-10T17:51:34.223", 
        "publish_date": "2013-01-01T00:00:00", 
        "slug": "about-us", 
        "is_published": false
    }
},
{
    "pk": 3, 
    "model": "story.article", 
    "fields": {
        "byline": null, 
        "mediaitems": [], 
        "author": [
            "anthony"
        ], 
        "text": "<p>Test Story 1<br></p>", 
        "title": "Test Story 1", 
        "send_now": false, 
        "docfile": "", 
        "email_text": null, 
        "created_on": "2014-02-10T17:57:04.167", 
        "publish_date": "2014-02-10T17:45:54.663", 
        "slug": "test-story-1-10-feb-2014", 
        "is_published": false
    }
},
{
    "pk": 4, 
    "model": "story.article", 
    "fields": {
        "byline": "", 
        "mediaitems": [], 
        "author": [
            "anthony"
        ], 
        "text": "<p>HEre's some text so</p>", 
        "title": "Newest test story since", 
        "send_now": true, 
        "docfile": "", 
        "email_text": "<p>Editors/News Directors:</p><p></p><p>Thank you,</p><p>Nebraska News Service</p>", 
        "created_on": "2014-02-11T17:13:25.677", 
        "publish_date": "2014-02-11T17:11:00", 
        "slug": "test-story-number-one-11-feb-2014", 
        "is_published": true
    }
},
{
    "pk": 5, 
    "model": "story.article", 
    "fields": {
        "byline": "By Anthony", 
        "mediaitems": [], 
        "author": [
            "anthony"
        ], 
        "text": "<p>Test New Story<br></p>", 
        "title": "Test New Story", 
        "send_now": true, 
        "docfile": "", 
        "email_text": "<p>Editors/News Directors:</p><p></p><p>Thank you,</p><p>Nebraska News Service</p>", 
        "created_on": "2014-02-12T16:58:38.559", 
        "publish_date": "2014-02-12T16:58:38.559", 
        "slug": "test-new-story-12-feb-2014", 
        "is_published": true
    }
},
{
    "pk": 6, 
    "model": "story.article", 
    "fields": {
        "byline": "By Anthony Roberts", 
        "mediaitems": [], 
        "author": [
            "anthony"
        ], 
        "text": "<p><h2>Nebraska News Service Reporter Documentation</h2><br><p>Welcome to the Nebraska News Service (NNS) content management and distribution system. &nbsp;</p><p>At first glance, the home page appears to look like a normal webpage. Once you are logged in, you will find a content management system that allows you to access existing NNS stories, important information like the NNS Style Guide and Contacts and Tips for various beats, contact information for other NNS clients, reporters and editors, and a place to save content that will eventually be sent to the clients of NNS.</p>This document contains 2 sections: Getting logged in / managing your user profile, and Creating and Editing Stories and Content.<p>Getting logged in / managing your user profile</p><p>When you visit the home page at&nbsp;<a href=\"http://nebraskanewsservice.net/\">nebraskanewsservice.net</a>, prior to being logged in there are only 3 links in the main navigation bar below the logo: About NNS, Login, and Register. &nbsp;</p><p>About NNS contains a brief description of NNS, Terms of Service, and a simple Privacy Policy. &nbsp;</p><p>Login is the front facing user login portal. &nbsp;</p><p>Register is how a new client can sign up and start receiving NNS content. &nbsp;Registering with the client form provides only limited access to content, and no access to any of the site's functionality. &nbsp;<b><u>Reporters should not use this form.</u></b></p><p>New Reporters need to have a username and password created by an editor. &nbsp;If you have not been provided with an initial username and password, contact an editor or the NNS director, Mary Kay Quinlan.</p><p>Once you have a username and password, you can log in using the Login page. &nbsp;When you have logged in, if you return to the main page, you will see additional links for Stories, Clients, Reporters and Editors, and on the far right, My Profile and Logout. &nbsp;Let's look at the My Profile page.</p><p>My Profile shows the information currently in the system that identifies you. &nbsp;This page has two buttons on the right side, Edit my profile, and Change password. &nbsp;Click on the Edit my profile button to go to the form to edit this information. &nbsp;The form contains the following fields: First Name, Last Name, Primary Email, Phone, Bio, and Byline. &nbsp;Fill out all these fields. &nbsp;Once you have added an email address, you can use this as your username in addition to the username you just used to log in. &nbsp;Bio is just to tell clients a little about your background, and Byline is what will appear in emails and on each story page, and should be how you want to see yourself credited should a client choose to publish your work. &nbsp;</p><p>The password reset button takes you to a special form where you can reset your password. &nbsp;It will send an email to the Email address you've listed with instructions to create a new password.</p><h4>Creating and Editing Stories and Content</h4><p>Stories contains what you might expect: all stories that have been created by NNS, starting in the Fall of 2013 when the site was in Beta. &nbsp;</p><p>There are 3 links below the main navigation bar: Published Stories, Stories in Progress, and New Story. All stories are listed in date order, with the newest being first. The lists are paginated, and the numbers below the list will switch pages, the arrows move to the first and last pages.</p><p>Published Stories is the list of stories that are available to all users, including clients. &nbsp;These stories are set as published and have likely (but not necessarily) been sent to clients.</p>Stories in Progress are available to only reporters and editors. &nbsp;This is where content that's been started but not finished, or potential stories that need additional reporting or vetting, can be created and saved for future use. &nbsp;<p>New Story opens the form for starting and editing stories. &nbsp;When you click \"New Story\" the form will be blank. &nbsp;</p><p><b>Creating a new story</b></p>A Story does not have to be a traditional text-based story. &nbsp;Each \"Story\" represents a unique piece of content, which can include text, multimedia such as audio, video, or slideshows -- saved as videos in YouTube -- and images and documents that are added like a file attachment. &nbsp;It's best practice to keep each story to one piece of content, and there can be only one file attached to a story. If you have a series of documents, such as a 4-photo series, you need to create a new story for each photo or document in the series. &nbsp;Titles could be in the form \"News Event Photo Series, Image 1\", then \"News Event Photo Series, Image 2\", 3, 4, etc. &nbsp;I'll go over details for a series of examples, including directions and project specifications for YouTube and typical file sizes and specifications for attachments after we look at the fields included in this form.<p><b>Fields</b></p><p>Headline is the title of the story. &nbsp;When you create the story and save it for the first time, this field is used to automatically create a slug, which is only visible in the URL of the story as an identifier. &nbsp;You can change the Headline, but doing so will not change the slug that's initially created, so please choose wisely when you initially create a new story. &nbsp;Avoid headlines like \"Temp story name\" or other filler text, and always assume that whatever you put here could be seen by a client.</p><p>Story Text is the main content field. &nbsp;This is the content you are sending to users and publishing online. &nbsp;This can contain up to 50,000 characters. &nbsp;That's around 5,000 words. &nbsp;This text field has an HTML code editor -- it's the first button, marked \"&lt;/&gt;\" -- along with other standard paragraph and text formatting tools, buttons to insert online images, YouTube videos, tables, links, and a horizontal rule. &nbsp;</p><p>The \"Tags\" field adds keywords to help identify the content of this story. &nbsp;Tags are not required, but it is a good practice, and helps organize content for future use. &nbsp;Tags are separated by commas, unless there are no commas, then it will separate tags by spaces. &nbsp;So for example, if you type, \"news, tags, something else,\" you will create 3 tags: \"news\" \"tags\" and \"something else\", but if you type \"news tags something else\", you will create 4 tags: \"news\" \"tags\" \"something\" and \"else\". and if you type \"news tags something, else\" you create 2 tags, \"news tags something\" and \"else\". &nbsp;</p>The Add Attachment field is a Choose File button that opens a file browser. &nbsp;Once you select a file, it will show the filename next to the button, long file names will be truncated with an ellipsis. This file isn't actually uploaded until you click Save. &nbsp;There can be only one attachment per story. &nbsp;You can replace this document later if you need to add an updated version or replace it with a completely different file. &nbsp;This field can be left blank.<p><b>Editing an existing&nbsp;story</b></p><p>Once you create a story with the required Headline and Story Text and click \"Save\", this story can now be found in Stories in Progress list. &nbsp;Both this list and the Published Stories list are in date order, newest first. &nbsp;Since you will be mainly editing stories in progress, let's start by talking about these stories that have not been published, or have been unpublished. &nbsp;You can save content that is not published and know that clients will not have access to it, only reporters and editors can view stories in progress. &nbsp;You must click Save or any work in the window will be lost when you close the browser window. &nbsp;</p><p>If an existing story has been attached to a story, you can replace it or remove it. To remove it and make this field empty, select the checkmark box to the right of the filename. When you click Save, the attachment field will be cleared, leaving it empty. &nbsp;To replace an existing file, just click Choose File to choose a replacement. When you click Save, the file you choose will replace the current file.</p>A reporter can also edit a story that has been published, but it's strongly encouraged that you let an editor know if you are doing this, and for what reason. &nbsp;If a correction needs to be issued, an Editor will need to send the correction to clients. &nbsp;Once a reporter edits a published story and clicks save, the changes will be live on the website and available for clients who are browsing published content.<p><b>Unique Stories in Progress</b></p><p>Some Stories in Progress are unique. &nbsp;For example, there are Front Page and About Us stories that control the text on the front page and about us page of the website. Do not change these. &nbsp;</p><p>There will be some informational documents, like the NNS Style Guide and a Reporter Handbook, that should only be changed by editors, unless otherwise directed. &nbsp;</p><p>There will also be some running documents with contacts and information about various beats created and edited by former and current reporters. &nbsp;You can add to these any useful information you acquire for future use by you and by future NNS reporters as a source of institutional knowledge. &nbsp;Please feel free to contribute to these documents.</p><br></p>", 
        "title": "Reporter Documentation", 
        "send_now": false, 
        "docfile": "", 
        "email_text": "", 
        "created_on": "2014-02-27T12:01:15.851", 
        "publish_date": "2014-02-26T14:51:05", 
        "slug": "reporter-documentation", 
        "is_published": false
    }
},
{
    "pk": 7, 
    "model": "story.article", 
    "fields": {
        "byline": "By Anthony", 
        "mediaitems": [], 
        "author": [
            "anthony"
        ], 
        "text": "<p>test<br></p>", 
        "title": "Test test 1 test", 
        "send_now": true, 
        "docfile": "", 
        "email_text": "<p>Editors/News Directors:</p><p></p><p>Thank you,</p><p>Nebraska News Service</p>", 
        "created_on": "2014-02-27T17:43:59.018", 
        "publish_date": "2014-02-27T17:43:00", 
        "slug": "test-test-1-test-27-feb-2014", 
        "is_published": true
    }
},
{
    "pk": 8, 
    "model": "story.article", 
    "fields": {
        "byline": "By Anthony", 
        "mediaitems": [], 
        "author": [
            "anthony"
        ], 
        "text": "<p>test moved send function<br></p>", 
        "title": "test moved send function", 
        "send_now": true, 
        "docfile": "", 
        "email_text": "<p>Editors/News Directors:</p><p></p><p>Thank you,</p><p>Nebraska News Service</p>", 
        "created_on": "2014-02-27T17:51:35.022", 
        "publish_date": "2014-02-27T17:51:35.021", 
        "slug": "test-moved-send-function-27-feb-2014", 
        "is_published": true
    }
},
{
    "pk": 9, 
    "model": "story.article", 
    "fields": {
        "byline": "By Anthony", 
        "mediaitems": [], 
        "author": [
            "anthony"
        ], 
        "text": "<p>test moved send function2<br></p>\r\n", 
        "title": "test moved send function 2", 
        "send_now": true, 
        "docfile": "", 
        "email_text": "<p>Editors/News Directors:</p><p></p><p>Thank you,</p><p>Nebraska News Service</p>", 
        "created_on": "2014-02-27T17:52:40.972", 
        "publish_date": "2014-02-27T17:52:40.972", 
        "slug": "test-moved-send-function-2-27-feb-2014", 
        "is_published": true
    }
},
{
    "pk": 10, 
    "model": "story.article", 
    "fields": {
        "byline": "By Anthony", 
        "mediaitems": [
            6
        ], 
        "author": [
            "anthony"
        ], 
        "text": "<p>test moved send function23<br></p>\r\n", 
        "title": "test moved send function 3", 
        "send_now": true, 
        "docfile": "", 
        "email_text": "<p>Editors/News Directors:</p><p></p><p>Thank you,</p><p>Nebraska News Service3</p>\r\n", 
        "created_on": "2014-02-27T17:55:07.009", 
        "publish_date": "2014-02-27T17:55:00", 
        "slug": "test-moved-send-function-3-27-feb-2014", 
        "is_published": true
    }
},
{
    "pk": 11, 
    "model": "story.article", 
    "fields": {
        "byline": "By Joseph Moore, Nebraska News Service", 
        "mediaitems": [
            4
        ], 
        "author": [
            "jmoore"
        ], 
        "text": "Test moved notify editor function<p><br></p>", 
        "title": "Test moved notify editor function", 
        "send_now": true, 
        "docfile": "", 
        "email_text": "<p>Editors/News Directors:</p><p></p><p>Thank you,</p><p>Nebraska News Service</p>", 
        "created_on": "2014-02-27T18:06:30.768", 
        "publish_date": "2014-02-27T18:05:00", 
        "slug": "test-moved-notify-editor-function-27-feb-2014", 
        "is_published": true
    }
},
{
    "pk": 12, 
    "model": "story.article", 
    "fields": {
        "byline": "By Joseph Moore, Nebraska News Service", 
        "mediaitems": [
            4, 
            5
        ], 
        "author": [
            "jmoore"
        ], 
        "text": "Test moved notify editor function2<p>Test moved notify editor function2<br><span style=\"line-height: 1.45em;\">Test moved notify editor function2</span></p>\r\n", 
        "title": "Test moved notify editor function2", 
        "send_now": true, 
        "docfile": "", 
        "email_text": "<p>Editors/News Directors:</p><p></p><p>Thank you,</p><p>Nebraska News Service</p>", 
        "created_on": "2014-02-27T18:07:17.698", 
        "publish_date": "2014-02-27T18:07:00", 
        "slug": "test-moved-notify-editor-function2-27-feb-2014", 
        "is_published": true
    }
},
{
    "pk": 13, 
    "model": "story.article", 
    "fields": {
        "byline": "By Joseph Moore, Nebraska News Service", 
        "mediaitems": [], 
        "author": [
            "jmoore"
        ], 
        "text": "<p>wurd<br></p>", 
        "title": "moved some shit", 
        "send_now": true, 
        "docfile": "", 
        "email_text": "<p>Editors/News Directors:</p><p></p><p>Thank you,</p><p>Nebraska News Service</p>", 
        "created_on": "2014-02-27T18:07:37.001", 
        "publish_date": "2014-02-27T18:07:00", 
        "slug": "moved-some-shit-27-feb-2014", 
        "is_published": true
    }
},
{
    "pk": 14, 
    "model": "story.article", 
    "fields": {
        "byline": "By Joseph Moore, Nebraska News Service", 
        "mediaitems": [
            4, 
            5
        ], 
        "author": [
            "jmoore"
        ], 
        "text": "<p>moved notify editor function234<br></p>", 
        "title": "Test moved notify editor function234", 
        "send_now": true, 
        "docfile": "", 
        "email_text": "<p>Editors/News Directors:</p><p></p><p>Thank you,</p><p>Nebraska News Service</p>", 
        "created_on": "2014-02-27T19:32:51.272", 
        "publish_date": "2014-02-27T18:37:00", 
        "slug": "test-moved-notify-editor-function234-27-feb-2014", 
        "is_published": true
    }
},
{
    "pk": 15, 
    "model": "story.article", 
    "fields": {
        "byline": "By Anthony", 
        "mediaitems": [
            4, 
            5
        ], 
        "author": [
            "anthony"
        ], 
        "text": "<p>Test new abstract base class 2<br></p>", 
        "title": "Test new abstract base class 2", 
        "send_now": true, 
        "docfile": "", 
        "email_text": "<p>Editors/News Directors:</p><p></p><p>Thank you,</p><p>Nebraska News Service</p>", 
        "created_on": "2014-03-03T11:38:36.935", 
        "publish_date": "2014-03-03T11:33:00", 
        "slug": "test-new-abstract-base-class-2-03-mar-2014", 
        "is_published": true
    }
},
{
    "pk": 16, 
    "model": "story.article", 
    "fields": {
        "byline": "By Joseph Moore, Nebraska News Service", 
        "mediaitems": [
            1, 
            2, 
            3
        ], 
        "author": [
            "jmoore"
        ], 
        "text": "<p>test send now in the future B2<br></p>", 
        "title": "test send now in the future B2", 
        "send_now": false, 
        "docfile": "", 
        "email_text": "<p>Editors/News Directors:</p><p></p><p>Thank you,</p><p>Nebraska News Service</p>", 
        "created_on": "2014-03-03T12:12:23.442", 
        "publish_date": "2014-03-03T12:11:00", 
        "slug": "test-send-now-in-the-future-b2-03-mar-2014", 
        "is_published": false
    }
},
{
    "pk": 17, 
    "model": "story.article", 
    "fields": {
        "byline": "By Anthony", 
        "mediaitems": [], 
        "author": [
            "anthony"
        ], 
        "text": "<p>New Media Item 32223rq2rdfg as<br></p>\r\n", 
        "title": "New Media Item 32", 
        "send_now": false, 
        "docfile": "", 
        "email_text": "<p>Editors/News Directors:</p><p></p><p>Thank you,</p><p>Nebraska News Servicefa dsfad<br></p>\r\n", 
        "created_on": "2014-03-03T16:55:16.412", 
        "publish_date": "2014-03-03T16:54:00", 
        "slug": "new-media-item-3-03-mar-2014", 
        "is_published": true
    }
},
{
    "pk": 18, 
    "model": "story.article", 
    "fields": {
        "byline": "By Anthony", 
        "mediaitems": [
            4
        ], 
        "author": [
            "anthony"
        ], 
        "text": "<p>apps/story/migrations/0015_auto.py<br></p>", 
        "title": "New Story with Media", 
        "send_now": false, 
        "docfile": "", 
        "email_text": "<p>Editors/News Directors:</p><p></p><p>Thank you,</p><p>Nebraska News Service</p>", 
        "created_on": "2014-03-04T10:50:48.896", 
        "publish_date": "2014-03-04T10:50:48.896", 
        "slug": "new-story-with-media-04-mar-2014", 
        "is_published": true
    }
},
{
    "pk": 19, 
    "model": "story.article", 
    "fields": {
        "byline": "By Anthony", 
        "mediaitems": [
            4, 
            5, 
            6
        ], 
        "author": [
            "anthony"
        ], 
        "text": "<p><p>Bacon ipsum dolor sit amet sausage swine beef ribs beef turkey pork sirloin hamburger rump pork chop. Ribeye andouille tail kevin, turkey filet mignon chuck chicken brisket. Salami ham hock meatloaf, short loin capicola ham frankfurter. Porchetta tongue salami sausage corned beef capicola pork loin chuck bacon pork chop fatback kielbasa chicken cow.</p><p>Venison tail doner short loin leberkas salami ham tri-tip swine shoulder pork loin andouille ground round porchetta short ribs. Short ribs corned beef ground round ball tip beef ribs. Hamburger bacon drumstick jowl, spare ribs tri-tip flank doner. Frankfurter ball tip ground round shank flank.</p><p>Shoulder bresaola frankfurter tenderloin t-bone, venison shank cow leberkas fatback kielbasa. Beef ribs frankfurter cow, andouille kevin shank biltong rump shoulder. Turducken meatloaf beef, t-bone frankfurter tenderloin pork. Landjaeger hamburger capicola filet mignon shoulder strip steak biltong corned beef ham hock prosciutto sirloin drumstick pork frankfurter.</p><p>Tenderloin andouille short loin, doner pork belly pork loin bresaola chicken salami landjaeger pork t-bone ham. Short loin biltong pancetta pork flank, rump cow meatloaf beef pig prosciutto bresaola jerky porchetta pork chop. Filet mignon andouille strip steak, sirloin ham beef ribs spare ribs. Kevin turducken andouille beef ribs strip steak sirloin, kielbasa capicola. Pig jerky turducken biltong sirloin jowl pastrami ham swine beef ribs hamburger frankfurter short ribs strip steak pork chop.</p><p>Kielbasa cow sausage hamburger biltong. Short ribs sausage kielbasa tongue shoulder frankfurter. Pork loin hamburger frankfurter short ribs, tri-tip swine venison sausage pig bresaola biltong turkey pork ribeye. Swine strip steak prosciutto pastrami capicola ball tip landjaeger flank pork loin turducken. Jerky pork chop tongue prosciutto pork belly ham, boudin doner salami strip steak ham hock.</p><p>Does your lorem ipsum text long for something a little meatier? Give our generator a try... it's tasty!</p><br></p>", 
        "title": "Bacon Test", 
        "send_now": true, 
        "docfile": "", 
        "email_text": "<p>Editors/News Directors:</p><p></p><p>Thank you,</p><p>Nebraska News Service</p>", 
        "created_on": "2014-03-04T15:42:43.683", 
        "publish_date": "2014-03-04T15:42:00", 
        "slug": "bacon-test-04-mar-2014", 
        "is_published": true
    }
},
{
    "pk": 20, 
    "model": "story.article", 
    "fields": {
        "byline": "By Anthony", 
        "mediaitems": [], 
        "author": [
            "anthony"
        ], 
        "text": "<p>fa dfdfa fafd adf ad</p>", 
        "title": "Nebwlaf' fjaidf", 
        "send_now": false, 
        "docfile": "", 
        "email_text": "<p>Editors/News Directors:</p><p></p><p>Thank you,</p><p>Nebraska News Service</p>", 
        "created_on": "2014-03-12T17:23:50.278", 
        "publish_date": "2014-03-12T17:16:00", 
        "slug": "nebwlaf-fjaidf-12-mar-2014", 
        "is_published": false
    }
},
{
    "pk": 1, 
    "model": "registration.registrationprofile", 
    "fields": {
        "activation_key": "ALREADY_ACTIVATED", 
        "user": [
            "8780dea644fd0508ba719bc77b42de"
        ]
    }
},
{
    "pk": 2, 
    "model": "registration.registrationprofile", 
    "fields": {
        "activation_key": "ALREADY_ACTIVATED", 
        "user": [
            "special"
        ]
    }
},
{
    "pk": 3, 
    "model": "registration.registrationprofile", 
    "fields": {
        "activation_key": "799b6a732162369b8ab18e1819c9e4e990b2f668", 
        "user": [
            "1ca3020150a79498da25a0496b070a"
        ]
    }
},
{
    "pk": 4, 
    "model": "registration.registrationprofile", 
    "fields": {
        "activation_key": "ALREADY_ACTIVATED", 
        "user": [
            "77b75d9551f2e8105d7dc61760714d"
        ]
    }
},
{
    "pk": 5, 
    "model": "registration.registrationprofile", 
    "fields": {
        "activation_key": "adc3b00d5adef67d87c375bc6f49af40387e03f2", 
        "user": [
            "f326d9e311a0f89441a62b4b608184"
        ]
    }
},
{
    "pk": 6, 
    "model": "registration.registrationprofile", 
    "fields": {
        "activation_key": "ALREADY_ACTIVATED", 
        "user": [
            "d9309e82863ff44bf3576a9a1bcb62"
        ]
    }
},
{
    "pk": 7, 
    "model": "registration.registrationprofile", 
    "fields": {
        "activation_key": "bcb05222fb327bd9b82483b174dfdc7153984627", 
        "user": [
            "jmoore"
        ]
    }
},
{
    "pk": 8, 
    "model": "registration.registrationprofile", 
    "fields": {
        "activation_key": "b413aa4076334516ca8e284fb037a3044048824e", 
        "user": [
            "6b4a86b609a08a20b9f4b41f5222f8"
        ]
    }
},
{
    "pk": 9, 
    "model": "registration.registrationprofile", 
    "fields": {
        "activation_key": "ALREADY_ACTIVATED", 
        "user": [
            "837499538fc638372f1473c8a6c765"
        ]
    }
},
{
    "pk": 10, 
    "model": "registration.registrationprofile", 
    "fields": {
        "activation_key": "ALREADY_ACTIVATED", 
        "user": [
            "52fd73f550275c8f074e5a8acde83b"
        ]
    }
},
{
    "pk": 11, 
    "model": "registration.registrationprofile", 
    "fields": {
        "activation_key": "ALREADY_ACTIVATED", 
        "user": [
            "e8f27ed8130ced0c83bc446a862988"
        ]
    }
},
{
    "pk": 12, 
    "model": "registration.registrationprofile", 
    "fields": {
        "activation_key": "ALREADY_ACTIVATED", 
        "user": [
            "ecae2ed07c453451ec19861c560b8e"
        ]
    }
},
{
    "pk": 13, 
    "model": "registration.registrationprofile", 
    "fields": {
        "activation_key": "ALREADY_ACTIVATED", 
        "user": [
            "2045e42b84229c5a4e8dafa2ecc820"
        ]
    }
},
{
    "pk": 14, 
    "model": "registration.registrationprofile", 
    "fields": {
        "activation_key": "ALREADY_ACTIVATED", 
        "user": [
            "780c212ade5d8d6ee4ec9c5ae0e12b"
        ]
    }
},
{
    "pk": 15, 
    "model": "registration.registrationprofile", 
    "fields": {
        "activation_key": "ALREADY_ACTIVATED", 
        "user": [
            "cf7f43af8c3dae59b70357492f2f8d"
        ]
    }
},
{
    "pk": 16, 
    "model": "registration.registrationprofile", 
    "fields": {
        "activation_key": "6f0abab6be7376e3a63d42067ce3c06b75703165", 
        "user": [
            "5f4fdeea7a89dbef56b34bf8c37827"
        ]
    }
},
{
    "pk": 17, 
    "model": "registration.registrationprofile", 
    "fields": {
        "activation_key": "6cbc70c008fdb6317c383ea50287e559e794baa6", 
        "user": [
            "e1565ce6daa682550ed456b912d1c9"
        ]
    }
},
{
    "pk": 18, 
    "model": "registration.registrationprofile", 
    "fields": {
        "activation_key": "bc95f69c8d1334efcfcd19e0974d2cfc3ae1c524", 
        "user": [
            "fdfd8b73fa344727d5402ccbc9710c"
        ]
    }
},
{
    "pk": 19, 
    "model": "registration.registrationprofile", 
    "fields": {
        "activation_key": "788ea9f730700e4d44857b923f41ebf765fd2a99", 
        "user": [
            "d1975bd8221963b9e07fd2dd3e5914"
        ]
    }
},
{
    "pk": 20, 
    "model": "registration.registrationprofile", 
    "fields": {
        "activation_key": "ALREADY_ACTIVATED", 
        "user": [
            "986f70f819aa764c64edf7ef88a160"
        ]
    }
},
{
    "pk": 21, 
    "model": "registration.registrationprofile", 
    "fields": {
        "activation_key": "ALREADY_ACTIVATED", 
        "user": [
            "c1c12deaedc9ed376dbe7758497271"
        ]
    }
}
]
