[{"pk": 1, "model": "auth.permission", "fields": {"codename": "add_permission", "name": "Can add permission", "content_type": 1}}, {"pk": 2, "model": "auth.permission", "fields": {"codename": "change_permission", "name": "Can change permission", "content_type": 1}}, {"pk": 3, "model": "auth.permission", "fields": {"codename": "delete_permission", "name": "Can delete permission", "content_type": 1}}, {"pk": 4, "model": "auth.permission", "fields": {"codename": "add_group", "name": "Can add group", "content_type": 2}}, {"pk": 5, "model": "auth.permission", "fields": {"codename": "change_group", "name": "Can change group", "content_type": 2}}, {"pk": 6, "model": "auth.permission", "fields": {"codename": "delete_group", "name": "Can delete group", "content_type": 2}}, {"pk": 7, "model": "auth.permission", "fields": {"codename": "add_user", "name": "Can add user", "content_type": 3}}, {"pk": 8, "model": "auth.permission", "fields": {"codename": "change_user", "name": "Can change user", "content_type": 3}}, {"pk": 9, "model": "auth.permission", "fields": {"codename": "delete_user", "name": "Can delete user", "content_type": 3}}, {"pk": 10, "model": "auth.permission", "fields": {"codename": "add_contenttype", "name": "Can add content type", "content_type": 4}}, {"pk": 11, "model": "auth.permission", "fields": {"codename": "change_contenttype", "name": "Can change content type", "content_type": 4}}, {"pk": 12, "model": "auth.permission", "fields": {"codename": "delete_contenttype", "name": "Can delete content type", "content_type": 4}}, {"pk": 13, "model": "auth.permission", "fields": {"codename": "add_session", "name": "Can add session", "content_type": 5}}, {"pk": 14, "model": "auth.permission", "fields": {"codename": "change_session", "name": "Can change session", "content_type": 5}}, {"pk": 15, "model": "auth.permission", "fields": {"codename": "delete_session", "name": "Can delete session", "content_type": 5}}, {"pk": 16, "model": "auth.permission", "fields": {"codename": "add_site", "name": "Can add site", "content_type": 6}}, {"pk": 17, "model": "auth.permission", "fields": {"codename": "change_site", "name": "Can change site", "content_type": 6}}, {"pk": 18, "model": "auth.permission", "fields": {"codename": "delete_site", "name": "Can delete site", "content_type": 6}}, {"pk": 19, "model": "auth.permission", "fields": {"codename": "add_logentry", "name": "Can add log entry", "content_type": 7}}, {"pk": 20, "model": "auth.permission", "fields": {"codename": "change_logentry", "name": "Can change log entry", "content_type": 7}}, {"pk": 21, "model": "auth.permission", "fields": {"codename": "delete_logentry", "name": "Can delete log entry", "content_type": 7}}, {"pk": 22, "model": "auth.permission", "fields": {"codename": "add_sesstat", "name": "Can add SES Stat", "content_type": 8}}, {"pk": 23, "model": "auth.permission", "fields": {"codename": "change_sesstat", "name": "Can change SES Stat", "content_type": 8}}, {"pk": 24, "model": "auth.permission", "fields": {"codename": "delete_sesstat", "name": "Can delete SES Stat", "content_type": 8}}, {"pk": 25, "model": "auth.permission", "fields": {"codename": "add_registrationprofile", "name": "Can add registration profile", "content_type": 9}}, {"pk": 26, "model": "auth.permission", "fields": {"codename": "change_registrationprofile", "name": "Can change registration profile", "content_type": 9}}, {"pk": 27, "model": "auth.permission", "fields": {"codename": "delete_registrationprofile", "name": "Can delete registration profile", "content_type": 9}}, {"pk": 28, "model": "auth.permission", "fields": {"codename": "add_notification", "name": "Can add notification", "content_type": 10}}, {"pk": 29, "model": "auth.permission", "fields": {"codename": "change_notification", "name": "Can change notification", "content_type": 10}}, {"pk": 30, "model": "auth.permission", "fields": {"codename": "delete_notification", "name": "Can delete notification", "content_type": 10}}, {"pk": 31, "model": "auth.permission", "fields": {"codename": "add_noticetype", "name": "Can add notice type", "content_type": 11}}, {"pk": 32, "model": "auth.permission", "fields": {"codename": "change_noticetype", "name": "Can change notice type", "content_type": 11}}, {"pk": 33, "model": "auth.permission", "fields": {"codename": "delete_noticetype", "name": "Can delete notice type", "content_type": 11}}, {"pk": 34, "model": "auth.permission", "fields": {"codename": "add_noticesetting", "name": "Can add notice setting", "content_type": 12}}, {"pk": 35, "model": "auth.permission", "fields": {"codename": "change_noticesetting", "name": "Can change notice setting", "content_type": 12}}, {"pk": 36, "model": "auth.permission", "fields": {"codename": "delete_noticesetting", "name": "Can delete notice setting", "content_type": 12}}, {"pk": 37, "model": "auth.permission", "fields": {"codename": "add_noticequeuebatch", "name": "Can add notice queue batch", "content_type": 13}}, {"pk": 38, "model": "auth.permission", "fields": {"codename": "change_noticequeuebatch", "name": "Can change notice queue batch", "content_type": 13}}, {"pk": 39, "model": "auth.permission", "fields": {"codename": "delete_noticequeuebatch", "name": "Can delete notice queue batch", "content_type": 13}}, {"pk": 40, "model": "auth.permission", "fields": {"codename": "add_tag", "name": "Can add Tag", "content_type": 14}}, {"pk": 41, "model": "auth.permission", "fields": {"codename": "change_tag", "name": "Can change Tag", "content_type": 14}}, {"pk": 42, "model": "auth.permission", "fields": {"codename": "delete_tag", "name": "Can delete Tag", "content_type": 14}}, {"pk": 43, "model": "auth.permission", "fields": {"codename": "add_taggeditem", "name": "Can add Tagged Item", "content_type": 15}}, {"pk": 44, "model": "auth.permission", "fields": {"codename": "change_taggeditem", "name": "Can change Tagged Item", "content_type": 15}}, {"pk": 45, "model": "auth.permission", "fields": {"codename": "delete_taggeditem", "name": "Can delete Tagged Item", "content_type": 15}}, {"pk": 46, "model": "auth.permission", "fields": {"codename": "add_userprofile", "name": "Can add user profile", "content_type": 16}}, {"pk": 47, "model": "auth.permission", "fields": {"codename": "change_userprofile", "name": "Can change user profile", "content_type": 16}}, {"pk": 48, "model": "auth.permission", "fields": {"codename": "delete_userprofile", "name": "Can delete user profile", "content_type": 16}}, {"pk": 49, "model": "auth.permission", "fields": {"codename": "add_article", "name": "Can add article", "content_type": 17}}, {"pk": 50, "model": "auth.permission", "fields": {"codename": "change_article", "name": "Can change article", "content_type": 17}}, {"pk": 51, "model": "auth.permission", "fields": {"codename": "delete_article", "name": "Can delete article", "content_type": 17}}, {"pk": 52, "model": "auth.permission", "fields": {"codename": "add_migrationhistory", "name": "Can add migration history", "content_type": 18}}, {"pk": 53, "model": "auth.permission", "fields": {"codename": "change_migrationhistory", "name": "Can change migration history", "content_type": 18}}, {"pk": 54, "model": "auth.permission", "fields": {"codename": "delete_migrationhistory", "name": "Can delete migration history", "content_type": 18}}, {"pk": 55, "model": "auth.permission", "fields": {"codename": "add_taskmeta", "name": "Can add task state", "content_type": 19}}, {"pk": 56, "model": "auth.permission", "fields": {"codename": "change_taskmeta", "name": "Can change task state", "content_type": 19}}, {"pk": 57, "model": "auth.permission", "fields": {"codename": "delete_taskmeta", "name": "Can delete task state", "content_type": 19}}, {"pk": 58, "model": "auth.permission", "fields": {"codename": "add_tasksetmeta", "name": "Can add saved group result", "content_type": 20}}, {"pk": 59, "model": "auth.permission", "fields": {"codename": "change_tasksetmeta", "name": "Can change saved group result", "content_type": 20}}, {"pk": 60, "model": "auth.permission", "fields": {"codename": "delete_tasksetmeta", "name": "Can delete saved group result", "content_type": 20}}, {"pk": 61, "model": "auth.permission", "fields": {"codename": "add_intervalschedule", "name": "Can add interval", "content_type": 21}}, {"pk": 62, "model": "auth.permission", "fields": {"codename": "change_intervalschedule", "name": "Can change interval", "content_type": 21}}, {"pk": 63, "model": "auth.permission", "fields": {"codename": "delete_intervalschedule", "name": "Can delete interval", "content_type": 21}}, {"pk": 64, "model": "auth.permission", "fields": {"codename": "add_crontabschedule", "name": "Can add crontab", "content_type": 22}}, {"pk": 65, "model": "auth.permission", "fields": {"codename": "change_crontabschedule", "name": "Can change crontab", "content_type": 22}}, {"pk": 66, "model": "auth.permission", "fields": {"codename": "delete_crontabschedule", "name": "Can delete crontab", "content_type": 22}}, {"pk": 67, "model": "auth.permission", "fields": {"codename": "add_periodictasks", "name": "Can add periodic tasks", "content_type": 23}}, {"pk": 68, "model": "auth.permission", "fields": {"codename": "change_periodictasks", "name": "Can change periodic tasks", "content_type": 23}}, {"pk": 69, "model": "auth.permission", "fields": {"codename": "delete_periodictasks", "name": "Can delete periodic tasks", "content_type": 23}}, {"pk": 70, "model": "auth.permission", "fields": {"codename": "add_periodictask", "name": "Can add periodic task", "content_type": 24}}, {"pk": 71, "model": "auth.permission", "fields": {"codename": "change_periodictask", "name": "Can change periodic task", "content_type": 24}}, {"pk": 72, "model": "auth.permission", "fields": {"codename": "delete_periodictask", "name": "Can delete periodic task", "content_type": 24}}, {"pk": 73, "model": "auth.permission", "fields": {"codename": "add_workerstate", "name": "Can add worker", "content_type": 25}}, {"pk": 74, "model": "auth.permission", "fields": {"codename": "change_workerstate", "name": "Can change worker", "content_type": 25}}, {"pk": 75, "model": "auth.permission", "fields": {"codename": "delete_workerstate", "name": "Can delete worker", "content_type": 25}}, {"pk": 76, "model": "auth.permission", "fields": {"codename": "add_taskstate", "name": "Can add task", "content_type": 26}}, {"pk": 77, "model": "auth.permission", "fields": {"codename": "change_taskstate", "name": "Can change task", "content_type": 26}}, {"pk": 78, "model": "auth.permission", "fields": {"codename": "delete_taskstate", "name": "Can delete task", "content_type": 26}}, {"pk": 1, "model": "auth.group", "fields": {"name": "Editors", "permissions": [46, 47, 48, 4, 5, 6, 7, 8, 9, 49, 50, 51, 40, 41, 42, 43, 44, 45]}}, {"pk": 2, "model": "auth.group", "fields": {"name": "Reporters", "permissions": [49, 50, 51, 40, 41, 42, 43, 44, 45]}}, {"pk": 1, "model": "auth.user", "fields": {"username": "anthony", "first_name": "Anthony", "last_name": "Roberts, Technology Consultant", "is_active": true, "is_superuser": true, "is_staff": true, "last_login": "2014-02-21T09:44:51.370", "groups": [], "user_permissions": [], "password": "pbkdf2_sha256$10000$eadGZFnJigUs$WY5lssZmMu1tkFPIZhjl7+ZlTQqsx0PYrb4OKozzyPQ=", "email": "nns.aroberts@gmail.com", "date_joined": "2014-02-10T17:45:41"}}, {"pk": 2, "model": "auth.user", "fields": {"username": "mkquinlan", "first_name": "Mary Kay", "last_name": "Quinlan", "is_active": true, "is_superuser": false, "is_staff": true, "last_login": "2014-02-10T17:48:06", "groups": [1, 2], "user_permissions": [], "password": "pbkdf2_sha256$10000$qIvlhGLIwozr$e7qwmJbmJywQNsq3DQgvJmSjQBzTX59+PSBhkzR7FUI=", "email": "nns.mkquinlan@gmail.com", "date_joined": "2014-02-10T17:48:06"}}, {"pk": 3, "model": "auth.user", "fields": {"username": "8780dea644fd0508ba719bc77b42de", "first_name": "", "last_name": "", "is_active": true, "is_superuser": false, "is_staff": false, "last_login": "2014-02-11T09:25:02.976", "groups": [], "user_permissions": [], "password": "pbkdf2_sha256$10000$om17Vi0Y0Fw4$xcd38QqAPkpm8tAewS9xxzKwMpi67gToOb0w6kY1P88=", "email": "newprofile42456@gmail.com", "date_joined": "2014-02-11T09:25:02.976"}}, {"pk": 4, "model": "auth.user", "fields": {"username": "35c2454050c5fc293ad534242bd9f2", "first_name": "Anthony", "last_name": "Roberts", "is_active": true, "is_superuser": false, "is_staff": false, "last_login": "2014-02-20T18:08:40.245", "groups": [], "user_permissions": [], "password": "pbkdf2_sha256$10000$FqSeDj0SRdI4$SAh1ErenfXQ2c5Vyw3Y0r33QTGihS0i+pDcoOwQ1FF4=", "email": "anthony@lincolnultimate.com", "date_joined": "2014-02-12T07:38:08"}}, {"pk": 5, "model": "auth.user", "fields": {"username": "1ca3020150a79498da25a0496b070a", "first_name": "", "last_name": "", "is_active": false, "is_superuser": false, "is_staff": false, "last_login": "2014-02-12T13:10:48.569", "groups": [], "user_permissions": [], "password": "pbkdf2_sha256$10000$MN28Hifx78PW$Zu+V1JY+sG4N1fqVBJRKuwUVr1wQPAsUNQQHLIpspwk=", "email": "forked2@gmail.com", "date_joined": "2014-02-12T13:10:48.569"}}, {"pk": 6, "model": "auth.user", "fields": {"username": "77b75d9551f2e8105d7dc61760714d", "first_name": "", "last_name": "", "is_active": true, "is_superuser": false, "is_staff": false, "last_login": "2014-02-12T13:19:59.562", "groups": [], "user_permissions": [], "password": "pbkdf2_sha256$10000$hrjl7wXqpB00$xNw+Rb59eaVAqhBmV5ulZyVlQzdkJIKZ1+svJntdX38=", "email": "forked3@gmail.com", "date_joined": "2014-02-12T13:18:00.945"}}, {"pk": 7, "model": "auth.user", "fields": {"username": "f326d9e311a0f89441a62b4b608184", "first_name": "", "last_name": "", "is_active": false, "is_superuser": false, "is_staff": false, "last_login": "2014-02-12T15:11:30.791", "groups": [], "user_permissions": [], "password": "pbkdf2_sha256$10000$kCzgelbM83rw$mFDBJrpq7QrcGPfXDww2TabIKJW8setXan+Jp0j/KsE=", "email": "reporter2@gmail.com", "date_joined": "2014-02-12T15:11:30.791"}}, {"pk": 8, "model": "auth.user", "fields": {"username": "d9309e82863ff44bf3576a9a1bcb62", "first_name": "", "last_name": "", "is_active": true, "is_superuser": false, "is_staff": false, "last_login": "2014-02-20T12:41:11.916", "groups": [], "user_permissions": [], "password": "pbkdf2_sha256$10000$VCaeMtZoPpeE$u2VESbFnIJLtzXGFJeZj3FSWhVMLf/XZmvknjmOKF6E=", "email": "forked5@gmail.com", "date_joined": "2014-02-12T16:55:41.946"}}, {"pk": 9, "model": "auth.user", "fields": {"username": "jmoore", "first_name": "Joseph", "last_name": "Moore", "is_active": true, "is_superuser": false, "is_staff": true, "last_login": "2014-02-12T17:00:31", "groups": [2], "user_permissions": [], "password": "pbkdf2_sha256$10000$UhSvQZ7Ow4DK$IwoztM8Yu87RGlEIn5HdVWQudlVgRMDjgfTyB2ZHQ30=", "email": "nns.jmoore@gmail.com", "date_joined": "2014-02-12T17:00:31"}}, {"pk": 10, "model": "auth.user", "fields": {"username": "6b4a86b609a08a20b9f4b41f5222f8", "first_name": "", "last_name": "", "is_active": false, "is_superuser": false, "is_staff": false, "last_login": "2014-02-12T17:01:34.816", "groups": [], "user_permissions": [], "password": "pbkdf2_sha256$10000$JT01kuBKRvel$npiUV2Vpe64OIkKLggrbavpvL9BuOniL4tvTA+98Br0=", "email": "forked7@gmail.com", "date_joined": "2014-02-12T17:01:34.816"}}, {"pk": 11, "model": "auth.user", "fields": {"username": "837499538fc638372f1473c8a6c765", "first_name": "", "last_name": "", "is_active": true, "is_superuser": false, "is_staff": false, "last_login": "2014-02-12T17:05:30.562", "groups": [], "user_permissions": [], "password": "pbkdf2_sha256$10000$BimlpV2iJpkr$N5tPzxU3jI++4zLSclPNE7HG/wmg5GVhIzLGpCZ7MVk=", "email": "forked8@gmail.com", "date_joined": "2014-02-12T17:04:40.110"}}, {"pk": 12, "model": "auth.user", "fields": {"username": "52fd73f550275c8f074e5a8acde83b", "first_name": "", "last_name": "", "is_active": true, "is_superuser": false, "is_staff": false, "last_login": "2014-02-13T09:58:31.742", "groups": [], "user_permissions": [], "password": "pbkdf2_sha256$10000$wkdDt3hprJdZ$qTCoH97AH4N4+k+msfyHkdN8/KVhW+JjdX/uZ5mgFZs=", "email": "forked9@gmail.com", "date_joined": "2014-02-13T09:57:52.261"}}, {"pk": 13, "model": "auth.user", "fields": {"username": "e8f27ed8130ced0c83bc446a862988", "first_name": "", "last_name": "", "is_active": true, "is_superuser": false, "is_staff": false, "last_login": "2014-02-13T13:02:13.814", "groups": [], "user_permissions": [], "password": "pbkdf2_sha256$10000$VRVVaVJ0tVwY$uZSpHQTxjLhIrmtGAq3GT16E7LhrEAKokKmis78/5EQ=", "email": "newform1@gmail.com", "date_joined": "2014-02-13T13:01:31.944"}}, {"pk": 14, "model": "auth.user", "fields": {"username": "ecae2ed07c453451ec19861c560b8e", "first_name": "", "last_name": "", "is_active": true, "is_superuser": false, "is_staff": false, "last_login": "2014-02-14T08:08:33.575", "groups": [], "user_permissions": [], "password": "pbkdf2_sha256$10000$ZVNX2GDc1K17$OFfBur1HvOsJSYc8h8WXFw5pZG3bzoy3TPzxJ58fIUU=", "email": "fancy1@gmail.com", "date_joined": "2014-02-14T08:07:50.385"}}, {"pk": 15, "model": "auth.user", "fields": {"username": "2045e42b84229c5a4e8dafa2ecc820", "first_name": "fancy2", "last_name": "fancy2", "is_active": true, "is_superuser": false, "is_staff": false, "last_login": "2014-02-14T09:51:22.743", "groups": [], "user_permissions": [], "password": "pbkdf2_sha256$10000$GLzknDARPvm9$1JSs2HNQsh//GGHHDKYAeyuD+8SAJ3FDHDfwpxD7eCw=", "email": "fancy2@gmail.com", "date_joined": "2014-02-14T09:50:37.437"}}, {"pk": 16, "model": "auth.user", "fields": {"username": "780c212ade5d8d6ee4ec9c5ae0e12b", "first_name": "fancy3", "last_name": "fancy3", "is_active": true, "is_superuser": false, "is_staff": false, "last_login": "2014-02-14T09:57:51.255", "groups": [], "user_permissions": [], "password": "pbkdf2_sha256$10000$86sHUQWLA8X0$Amf8qc7VEZw7p1siNcj4RxgLhWD65FxGPstUjW38h/E=", "email": "fancy3@gmail.com", "date_joined": "2014-02-14T09:55:09.542"}}, {"pk": 17, "model": "auth.user", "fields": {"username": "cf7f43af8c3dae59b70357492f2f8d", "first_name": "testreg", "last_name": "testreg", "is_active": true, "is_superuser": false, "is_staff": false, "last_login": "2014-02-18T12:36:04.393", "groups": [], "user_permissions": [], "password": "pbkdf2_sha256$10000$rSxhr1YgcG36$MacQerN+JWO5/D8Sl25KF0IplC/qOWkZEb7nCNzhBLI=", "email": "testreg@gmail.com", "date_joined": "2014-02-18T12:36:04.393"}}, {"pk": 18, "model": "auth.user", "fields": {"username": "5f4fdeea7a89dbef56b34bf8c37827", "first_name": "testingtest", "last_name": "testingtest", "is_active": false, "is_superuser": false, "is_staff": false, "last_login": "2014-02-19T20:45:55.632", "groups": [], "user_permissions": [], "password": "pbkdf2_sha256$10000$v1ldw5NMWXgE$9wWPscwS1s2QAF5J7M2LNV3OwR3wVwkuAYFExrCCK5k=", "email": "testingtest@gmail.com", "date_joined": "2014-02-19T20:45:55.632"}}, {"pk": 19, "model": "auth.user", "fields": {"username": "e1565ce6daa682550ed456b912d1c9", "first_name": "testingtest", "last_name": "testingtest", "is_active": false, "is_superuser": false, "is_staff": false, "last_login": "2014-02-19T21:03:30.765", "groups": [], "user_permissions": [], "password": "pbkdf2_sha256$10000$FtH3zA9tlqsN$CvwFSi1kmqIvI5k2Zycg7leHYOSBkbUBGrU0cpb8wDg=", "email": "testingtest2@gmail.com", "date_joined": "2014-02-19T21:03:30.765"}}, {"pk": 20, "model": "auth.user", "fields": {"username": "fdfd8b73fa344727d5402ccbc9710c", "first_name": "tester1", "last_name": "tester1", "is_active": false, "is_superuser": false, "is_staff": false, "last_login": "2014-02-19T21:43:37.477", "groups": [], "user_permissions": [], "password": "pbkdf2_sha256$10000$ZCRH2C8InOnr$mCkEGWESjegYx/D8XHdQEE56BMecIb6TmgLDwLPztN8=", "email": "tester1@gmail.com", "date_joined": "2014-02-19T21:43:37.477"}}, {"pk": "2wagb90rgoxyj0gkkvt9y3yal1vjcaj6", "model": "sessions.session", "fields": {"expire_date": "2014-02-26T16:57:10.082", "session_data": "YzllYTBjZjk4MDQwOTRjNmE2MWQ1M2IyMTU3ZDgwNTUxNTY5ZWE4NTqAAn1xAVgKAAAAdGVzdGNvb2tpZVgGAAAAd29ya2Vkcy4="}}, {"pk": "3jtz0vxylrdt5s04otm8zm8ihfxs6ufd", "model": "sessions.session", "fields": {"expire_date": "2014-03-04T15:57:24.664", "session_data": "MDc1ODI2YjVlZjc0ZDU3YzNlZWQ2Mzg1MTkzYWFjN2RkNGRmZDVkOTqAAn1xAS4="}}, {"pk": "4afm3nsnpxmn5aza6c7exyk1w3dfyme2", "model": "sessions.session", "fields": {"expire_date": "2014-02-28T14:52:03.775", "session_data": "N2QxMzVhN2M4ZGU0MjkxZDFmYzkxOTRmODVkNmNmNTg2ZDk5OGFiMjqAAn1xAVgKAAAAdGVzdGNvb2tpZXECWAYAAAB3b3JrZWRxA3Mu"}}, {"pk": "eav6j5zs2yr9byjcxzrwgvzol50p59i4", "model": "sessions.session", "fields": {"expire_date": "2014-03-04T12:36:31.600", "session_data": "MjBmMzA4ODVlZjgyN2U4ZmZlY2QyMjE3NmEyZDc0YmYxMjliNzk2OTqAAn1xAVgKAAAAdGVzdGNvb2tpZVgGAAAAd29ya2VkcQJzLg=="}}, {"pk": "i1iw46twh7r9421pnl2t5o15njocmist", "model": "sessions.session", "fields": {"expire_date": "2014-02-26T17:20:34.963", "session_data": "YzllYTBjZjk4MDQwOTRjNmE2MWQ1M2IyMTU3ZDgwNTUxNTY5ZWE4NTqAAn1xAVgKAAAAdGVzdGNvb2tpZVgGAAAAd29ya2Vkcy4="}}, {"pk": "k34xycfwbrds1jq5ptfm5eriu9j3qkv4", "model": "sessions.session", "fields": {"expire_date": "2014-03-02T16:53:21.591", "session_data": "N2E2MjkyN2RlM2FkYTU0YjgzOWNmYzg5MWM5YTU3NzI0NWEwNTBiNjqAAn1xAShVEl9hdXRoX3VzZXJfYmFja2VuZHECVSRyZWdpc3RyYXRpb25fZW1haWwuYXV0aC5FbWFpbEJhY2tlbmRxA1UNX2F1dGhfdXNlcl9pZHEESwF1Lg=="}}, {"pk": "lftpfb3hm1o95m5w5goa0lbja3qiqtik", "model": "sessions.session", "fields": {"expire_date": "2014-03-07T09:44:51.374", "session_data": "N2E2MjkyN2RlM2FkYTU0YjgzOWNmYzg5MWM5YTU3NzI0NWEwNTBiNjqAAn1xAShVEl9hdXRoX3VzZXJfYmFja2VuZHECVSRyZWdpc3RyYXRpb25fZW1haWwuYXV0aC5FbWFpbEJhY2tlbmRxA1UNX2F1dGhfdXNlcl9pZHEESwF1Lg=="}}, {"pk": "p2lwk3es75ughw798zk3e2t6v6pl4xey", "model": "sessions.session", "fields": {"expire_date": "2014-03-01T07:34:49.749", "session_data": "N2QxMzVhN2M4ZGU0MjkxZDFmYzkxOTRmODVkNmNmNTg2ZDk5OGFiMjqAAn1xAVgKAAAAdGVzdGNvb2tpZXECWAYAAAB3b3JrZWRxA3Mu"}}, {"pk": 1, "model": "sites.site", "fields": {"domain": "www.nebraskanewsservice.net", "name": "www.nebraskanewsservice.net"}}, {"pk": 1, "model": "admin.logentry", "fields": {"action_flag": 1, "action_time": "2014-02-10T17:48:06.308", "object_repr": "mkquinlan", "object_id": "2", "change_message": "", "user": 1, "content_type": 3}}, {"pk": 2, "model": "admin.logentry", "fields": {"action_flag": 1, "action_time": "2014-02-10T17:50:19.286", "object_repr": "Front Page", "object_id": "1", "change_message": "", "user": 1, "content_type": 17}}, {"pk": 3, "model": "admin.logentry", "fields": {"action_flag": 1, "action_time": "2014-02-10T17:51:34.228", "object_repr": "About Us", "object_id": "2", "change_message": "", "user": 1, "content_type": 17}}, {"pk": 4, "model": "admin.logentry", "fields": {"action_flag": 1, "action_time": "2014-02-10T17:54:34.226", "object_repr": "Editors", "object_id": "1", "change_message": "", "user": 1, "content_type": 2}}, {"pk": 5, "model": "admin.logentry", "fields": {"action_flag": 1, "action_time": "2014-02-10T17:55:13.369", "object_repr": "Reporters", "object_id": "2", "change_message": "", "user": 1, "content_type": 2}}, {"pk": 6, "model": "admin.logentry", "fields": {"action_flag": 2, "action_time": "2014-02-10T17:55:36.451", "object_repr": "mkquinlan", "object_id": "2", "change_message": "Changed password, first_name, last_name, email, is_staff and groups.", "user": 1, "content_type": 3}}, {"pk": 7, "model": "admin.logentry", "fields": {"action_flag": 2, "action_time": "2014-02-10T17:56:19.920", "object_repr": "anthony", "object_id": "1", "change_message": "Changed password, first_name and last_name. Changed user_type for user profile \"Anthony Roberts, Technology Consultant\".", "user": 1, "content_type": 3}}, {"pk": 8, "model": "admin.logentry", "fields": {"action_flag": 2, "action_time": "2014-02-11T17:14:38.334", "object_repr": "Test Story Number One", "object_id": "4", "change_message": "Changed is_published, send_now and tags.", "user": 1, "content_type": 17}}, {"pk": 9, "model": "admin.logentry", "fields": {"action_flag": 2, "action_time": "2014-02-11T17:14:50.384", "object_repr": "Test Story Number One", "object_id": "4", "change_message": "Changed is_published, send_now and tags.", "user": 1, "content_type": 17}}, {"pk": 10, "model": "admin.logentry", "fields": {"action_flag": 2, "action_time": "2014-02-11T17:15:04.822", "object_repr": "anthony", "object_id": "1", "change_message": "Changed password. Changed user_type and can_publish for user profile \"Anthony Roberts, Technology Consultant\".", "user": 1, "content_type": 3}}, {"pk": 11, "model": "admin.logentry", "fields": {"action_flag": 2, "action_time": "2014-02-12T09:07:00.311", "object_repr": "www.nebraskanewsservice.net", "object_id": "1", "change_message": "Changed domain and name.", "user": 1, "content_type": 6}}, {"pk": 12, "model": "admin.logentry", "fields": {"action_flag": 2, "action_time": "2014-02-20T15:30:27.558", "object_repr": "35c2454050c5fc293ad534242bd9f2", "object_id": "4", "change_message": "Changed password and email.", "user": 1, "content_type": 3}}, {"pk": 13, "model": "admin.logentry", "fields": {"action_flag": 2, "action_time": "2014-02-20T15:30:39.723", "object_repr": "35c2454050c5fc293ad534242bd9f2", "object_id": "4", "change_message": "Changed password.", "user": 1, "content_type": 3}}, {"pk": 14, "model": "admin.logentry", "fields": {"action_flag": 2, "action_time": "2014-02-21T09:47:10.418", "object_repr": "jmoore", "object_id": "9", "change_message": "Changed username, password, first_name, last_name, email, is_active, is_staff and groups. Changed user_type and byline for user profile \"Joseph Moore\".", "user": 1, "content_type": 3}}, {"pk": 1, "model": "djcelery.taskmeta", "fields": {"status": "SUCCESS", "task_id": "138f295b-d469-48eb-b7c8-d5338636594c", "date_done": "2014-02-21T07:26:36.577", "traceback": null, "meta": "eJxrYKotZAzlSM7IzEkpSs2LLdYDADcIBhY=", "result": null, "hidden": false}}, {"pk": 2, "model": "djcelery.taskmeta", "fields": {"status": "SUCCESS", "task_id": "0fe0a7ef-ac2b-4c40-8cf5-2bb54a6accb1", "date_done": "2014-02-21T07:29:33.932", "traceback": null, "meta": "eJxrYKotZAzlSM7IzEkpSs2LLdYDADcIBhY=", "result": null, "hidden": false}}, {"pk": 1, "model": "djcelery.crontabschedule", "fields": {"month_of_year": "*", "day_of_week": "*", "hour": "4", "minute": "0", "day_of_month": "*"}}, {"pk": 1, "model": "djcelery.periodictasks", "fields": {"last_update": "2014-02-20T15:27:56.252"}}, {"pk": 1, "model": "djcelery.periodictask", "fields": {"task": "celery.backend_cleanup", "name": "celery.backend_cleanup", "exchange": null, "last_run_at": "2014-02-21T13:26:36.542", "args": "[]", "enabled": true, "routing_key": null, "crontab": 1, "interval": null, "queue": null, "total_run_count": 11, "expires": null, "kwargs": "{}", "date_changed": "2014-02-21T07:26:36.552", "description": ""}}, {"pk": 1, "model": "notification.noticetype", "fields": {"default": 2, "description": "A reporter has updated a story", "display": "Reporter Story Update", "label": "reporter_story_update"}}, {"pk": 2, "model": "notification.noticetype", "fields": {"default": 2, "description": "An editor has updated your story", "display": "Editor Story Update", "label": "editor_story_update"}}, {"pk": 1, "model": "south.migrationhistory", "fields": {"applied": "2014-02-10T17:30:44.626", "app_name": "djcelery", "migration": "0001_initial"}}, {"pk": 2, "model": "south.migrationhistory", "fields": {"applied": "2014-02-10T17:30:44.689", "app_name": "djcelery", "migration": "0002_v25_changes"}}, {"pk": 3, "model": "south.migrationhistory", "fields": {"applied": "2014-02-10T17:30:44.730", "app_name": "djcelery", "migration": "0003_v26_changes"}}, {"pk": 4, "model": "south.migrationhistory", "fields": {"applied": "2014-02-10T17:30:44.757", "app_name": "djcelery", "migration": "0004_v30_changes"}}, {"pk": 5, "model": "south.migrationhistory", "fields": {"applied": "2014-02-12T14:53:38.045", "app_name": "notifications", "migration": "0001_initial"}}, {"pk": 6, "model": "south.migrationhistory", "fields": {"applied": "2014-02-12T14:54:06.319", "app_name": "notifications", "migration": "0002_auto__add_field_notification_data"}}, {"pk": 7, "model": "south.migrationhistory", "fields": {"applied": "2014-02-12T14:54:06.348", "app_name": "notifications", "migration": "0003_auto__add_field_notification_unread"}}, {"pk": 1, "model": "taggit.tag", "fields": {"name": "Test Story 1", "slug": "test-story-1"}}, {"pk": 2, "model": "taggit.tag", "fields": {"name": "tags", "slug": "tags"}}, {"pk": 3, "model": "taggit.tag", "fields": {"name": "test", "slug": "test"}}, {"pk": 4, "model": "taggit.tag", "fields": {"name": "Test", "slug": "test_1"}}, {"pk": 5, "model": "taggit.tag", "fields": {"name": "New", "slug": "new"}}, {"pk": 6, "model": "taggit.tag", "fields": {"name": "Story", "slug": "story"}}, {"pk": 1, "model": "taggit.taggeditem", "fields": {"tag": 1, "content_type": 17, "object_id": 3}}, {"pk": 2, "model": "taggit.taggeditem", "fields": {"tag": 2, "content_type": 17, "object_id": 3}}, {"pk": 3, "model": "taggit.taggeditem", "fields": {"tag": 3, "content_type": 17, "object_id": 4}}, {"pk": 4, "model": "taggit.taggeditem", "fields": {"tag": 4, "content_type": 17, "object_id": 5}}, {"pk": 5, "model": "taggit.taggeditem", "fields": {"tag": 5, "content_type": 17, "object_id": 5}}, {"pk": 6, "model": "taggit.taggeditem", "fields": {"tag": 6, "content_type": 17, "object_id": 5}}, {"pk": 1, "model": "account.userprofile", "fields": {"website": "", "can_publish": true, "about": "", "byline": "By Anthony", "bio": "<p>Crazy Django Djunky</p>", "pub_type": null, "twitter": "", "user_type": "Editor", "zipcode": "", "phone": "402-555-5555", "state": "NE", "pub_area": "", "facebook": "", "user": 1, "address": "", "pub_name": "", "city": ""}}, {"pk": 2, "model": "account.userprofile", "fields": {"website": "", "can_publish": true, "about": "", "byline": "", "bio": "", "pub_type": null, "twitter": "", "user_type": "Editor", "zipcode": "", "phone": "", "state": "NE", "pub_area": "", "facebook": "", "user": 2, "address": "", "pub_name": "", "city": ""}}, {"pk": 3, "model": "account.userprofile", "fields": {"website": null, "can_publish": false, "about": null, "byline": null, "bio": null, "pub_type": null, "twitter": null, "user_type": "Client", "zipcode": null, "phone": null, "state": "NE", "pub_area": null, "facebook": null, "user": 3, "address": null, "pub_name": null, "city": null}}, {"pk": 4, "model": "account.userprofile", "fields": {"website": "", "can_publish": false, "about": "", "byline": null, "bio": null, "pub_type": "Newspaper", "twitter": "", "user_type": "Client", "zipcode": "68588", "phone": "4024723041", "state": "NE", "pub_area": "", "facebook": "", "user": 4, "address": "229.1 Andersen Hall", "pub_name": "FOrked", "city": "Lincoln"}}, {"pk": 5, "model": "account.userprofile", "fields": {"website": null, "can_publish": false, "about": null, "byline": null, "bio": null, "pub_type": null, "twitter": null, "user_type": "Client", "zipcode": null, "phone": null, "state": "NE", "pub_area": null, "facebook": null, "user": 5, "address": null, "pub_name": null, "city": null}}, {"pk": 6, "model": "account.userprofile", "fields": {"website": null, "can_publish": false, "about": null, "byline": null, "bio": null, "pub_type": null, "twitter": null, "user_type": "Client", "zipcode": null, "phone": null, "state": "NE", "pub_area": null, "facebook": null, "user": 6, "address": null, "pub_name": null, "city": null}}, {"pk": 7, "model": "account.userprofile", "fields": {"website": null, "can_publish": false, "about": null, "byline": null, "bio": null, "pub_type": null, "twitter": null, "user_type": "Client", "zipcode": null, "phone": null, "state": "NE", "pub_area": null, "facebook": null, "user": 7, "address": null, "pub_name": null, "city": null}}, {"pk": 8, "model": "account.userprofile", "fields": {"website": null, "can_publish": false, "about": null, "byline": null, "bio": null, "pub_type": null, "twitter": null, "user_type": "Client", "zipcode": null, "phone": null, "state": "NE", "pub_area": null, "facebook": null, "user": 8, "address": null, "pub_name": null, "city": null}}, {"pk": 9, "model": "account.userprofile", "fields": {"website": "", "can_publish": false, "about": "", "byline": "By Joseph Moore, Nebraska News Service", "bio": "", "pub_type": null, "twitter": "", "user_type": "Reporter", "zipcode": "", "phone": "", "state": "NE", "pub_area": "", "facebook": "", "user": 9, "address": "", "pub_name": "", "city": ""}}, {"pk": 10, "model": "account.userprofile", "fields": {"website": null, "can_publish": false, "about": null, "byline": null, "bio": null, "pub_type": null, "twitter": null, "user_type": "Client", "zipcode": null, "phone": null, "state": "NE", "pub_area": null, "facebook": null, "user": 10, "address": null, "pub_name": null, "city": null}}, {"pk": 11, "model": "account.userprofile", "fields": {"website": null, "can_publish": false, "about": null, "byline": null, "bio": null, "pub_type": null, "twitter": null, "user_type": "Client", "zipcode": null, "phone": null, "state": "NE", "pub_area": null, "facebook": null, "user": 11, "address": null, "pub_name": null, "city": null}}, {"pk": 12, "model": "account.userprofile", "fields": {"website": null, "can_publish": false, "about": null, "byline": null, "bio": null, "pub_type": null, "twitter": null, "user_type": "Client", "zipcode": null, "phone": null, "state": "NE", "pub_area": null, "facebook": null, "user": 12, "address": null, "pub_name": null, "city": null}}, {"pk": 13, "model": "account.userprofile", "fields": {"website": null, "can_publish": false, "about": null, "byline": null, "bio": null, "pub_type": null, "twitter": null, "user_type": "Client", "zipcode": null, "phone": null, "state": "NE", "pub_area": null, "facebook": null, "user": 13, "address": null, "pub_name": null, "city": null}}, {"pk": 14, "model": "account.userprofile", "fields": {"website": null, "can_publish": false, "about": null, "byline": null, "bio": null, "pub_type": null, "twitter": null, "user_type": "Client", "zipcode": null, "phone": null, "state": "NE", "pub_area": null, "facebook": null, "user": 14, "address": null, "pub_name": null, "city": null}}, {"pk": 15, "model": "account.userprofile", "fields": {"website": "", "can_publish": false, "about": "", "byline": null, "bio": null, "pub_type": "Newspaper", "twitter": "", "user_type": "Client", "zipcode": "12345", "phone": "1234567890", "state": "Nebraska", "pub_area": "fancy2", "facebook": "", "user": 15, "address": "fancy2", "pub_name": "fancy2", "city": "fancy2"}}, {"pk": 16, "model": "account.userprofile", "fields": {"website": "", "can_publish": false, "about": "", "byline": null, "bio": null, "pub_type": "Newspaper", "twitter": "", "user_type": "Client", "zipcode": "12345", "phone": "1234567890", "state": "Nebraska", "pub_area": "fancy3", "facebook": "", "user": 16, "address": "fancy3", "pub_name": "fancy3", "city": "fancy3"}}, {"pk": 17, "model": "account.userprofile", "fields": {"website": "testreg.com", "can_publish": false, "about": "testreg", "byline": null, "bio": null, "pub_type": "Newspaper", "twitter": "testreg", "user_type": "Client", "zipcode": "12345", "phone": "1234567890", "state": "NE", "pub_area": "testreg", "facebook": "testreg", "user": 17, "address": "testreg", "pub_name": "testreg", "city": "testreg"}}, {"pk": 18, "model": "account.userprofile", "fields": {"website": "testingtest.com", "can_publish": false, "about": "testingtest", "byline": null, "bio": null, "pub_type": "Newspaper", "twitter": "testingtest", "user_type": "Client", "zipcode": "68502", "phone": "1234567890", "state": "NE", "pub_area": "testingtest", "facebook": "testingtest", "user": 18, "address": "testingtest", "pub_name": "testingtest", "city": "testingtest"}}, {"pk": 19, "model": "account.userprofile", "fields": {"website": "testingtest.com", "can_publish": false, "about": "testingtest", "byline": null, "bio": null, "pub_type": "Newspaper", "twitter": "testingtest", "user_type": "Client", "zipcode": "68502", "phone": "1234567890", "state": "NE", "pub_area": "testingtest", "facebook": "testingtest", "user": 19, "address": "testingtest", "pub_name": "testingtest", "city": "testingtest"}}, {"pk": 20, "model": "account.userprofile", "fields": {"website": "", "can_publish": false, "about": "", "byline": null, "bio": null, "pub_type": "Newspaper", "twitter": "", "user_type": "Client", "zipcode": "12345", "phone": "1234567890", "state": "NE", "pub_area": "tester1", "facebook": "", "user": 20, "address": "tester1", "pub_name": "tester1", "city": "tester1"}}, {"pk": 1, "model": "story.article", "fields": {"byline": "By Mary Kay Quinlan", "author": 2, "text": "<p></p><h1 style=\"text-align: center;\">Nebraska State Government News</h1><h3 style=\"text-align: center;\">Direct from the source, delivered to your inbox</h3><p>The Nebraska News Service is the state government news wire service provided by the University of Nebraska-Lincoln College of Journalism and Mass Communications. Our reporters cover a wide range of state government news, including the Nebraska Legislature, the governor's office, state agencies, decisions by Nebraska's Supreme Court, and other news stories as they arise. NNS provides news and information in the form of stories, photos and video. Located in Lincoln, the political heart of the state, we are able to provide our clients with powerful, relevant stories, straight from the source. In turn, our reporters get real-life experience and exposure to the news world. We put particular emphasis on providing content that is relevant to our clients and the communities they serve. Our current client list includes more than 100 newspapers throughout the state with a combined circulation exceeding 280,000, 16 radio stations and 6 television stations.</p><p>The Nebraska News Service is staffed by student reporters who submit a resume, cover letter and work samples as a condition for enrollment. The director is Mary Kay Quinlan.</p><br><p></p>\r\n", "title": "Front Page", "send_now": false, "docfile": "docs/2014/02/10/NNS_Spring2014_4web.jpg", "email_text": "<p><p>Editors/News Directors:</p><p>Thank you,</p><p>Nebraska News Service</p><br></p>", "created_on": "2014-02-10T17:50:19.274", "publish_date": "2013-01-01T00:00:00", "slug": "front-page", "is_published": false}}, {"pk": 2, "model": "story.article", "fields": {"byline": "", "author": 2, "text": "<p></p><h3 style=\"text-align: center;\">What is the Nebraska News Service?</h3><p>The Nebraska News Service was established in 2011 to serve Nebraska news organizations by reporting on state government issues of interest to their audiences. It operates during the fall and spring semesters, but not during the summer. The news service is staffed by student reporters who submit a resume, cover letter and work samples as a condition for enrollment in this three-credit-hour course. The staff changes every semester. The director is Mary Kay Quinlan, Ph.D., associate professor of journalism.</p><hr><h3 style=\"text-align: center;\">Our Terms of Service</h3><ul><li>We welcome as clients any bona fide news organization, such as newspapers, news websites, radio and television stations. We are unable to serve publications or outlets of any sort that are affiliated with advocacy groups, including political parties and lobbying organizations.</li><li>We do not require you to publish anything we send you, but if you do publish our reporters' work, please remember that our reporters get paid only in bylines. So we ask that you credit the reporters by name and with the Nebraska News Service identification.</li><li>We hope you'll feel free to localize stories to suit your needs, but again, please give our reporters byline credit when you use their work.</li><li>We always welcome story ideas. Please contact the bureau chief at nns.mkquinlan@gmail.com. We cannot promise to cover everything you request, but we'll always do the best we can.</li><li>If you do choose to publish NNS stories, we'd like to get a complimentary subscription to your publication, as a courtesy, so we can track our efforts. Our mailing address is: Nebraska News Service, c/o Mary Kay Quinlan, 232 Andersen Hall, University of Nebraska-Lincoln, Lincoln, NE 68588-0474.</li></ul><hr><h3 style=\"text-align: center;\">Our Privacy Policy</h3><p>We will never use the information you provide us when you register for anything other than serving Nebraska News Service clients, because we want to be nice to you.<br></p><br><p></p>\r\n", "title": "About Us", "send_now": false, "docfile": "", "email_text": "<p><p>Editors/News Directors:</p><p>Thank you,</p><p>Nebraska News Service</p><br></p>", "created_on": "2014-02-10T17:51:34.223", "publish_date": "2013-01-01T00:00:00", "slug": "about-us", "is_published": false}}, {"pk": 3, "model": "story.article", "fields": {"byline": null, "author": 1, "text": "<p>Test Story 1<br></p>", "title": "Test Story 1", "send_now": false, "docfile": "", "email_text": null, "created_on": "2014-02-10T17:57:04.167", "publish_date": "2014-02-10T17:45:54.663", "slug": "test-story-1-10-feb-2014", "is_published": false}}, {"pk": 4, "model": "story.article", "fields": {"byline": "", "author": 1, "text": "<p>Newest test story since I foolishly nuked my local testing db</p>", "title": "Test Story Number One", "send_now": true, "docfile": "", "email_text": "<p>Editors/News Directors:</p><p></p><p>Thank you,</p><p>Nebraska News Service</p>", "created_on": "2014-02-11T17:13:25.677", "publish_date": "2014-02-11T17:11:00", "slug": "test-story-number-one-11-feb-2014", "is_published": true}}, {"pk": 5, "model": "story.article", "fields": {"byline": "By Anthony", "author": 1, "text": "<p>Test New Story<br></p>", "title": "Test New Story", "send_now": true, "docfile": "", "email_text": "<p>Editors/News Directors:</p><p></p><p>Thank you,</p><p>Nebraska News Service</p>", "created_on": "2014-02-12T16:58:38.559", "publish_date": "2014-02-12T16:58:38.559", "slug": "test-new-story-12-feb-2014", "is_published": true}}, {"pk": 1, "model": "registration.registrationprofile", "fields": {"activation_key": "ALREADY_ACTIVATED", "user": 3}}, {"pk": 2, "model": "registration.registrationprofile", "fields": {"activation_key": "ALREADY_ACTIVATED", "user": 4}}, {"pk": 3, "model": "registration.registrationprofile", "fields": {"activation_key": "799b6a732162369b8ab18e1819c9e4e990b2f668", "user": 5}}, {"pk": 4, "model": "registration.registrationprofile", "fields": {"activation_key": "ALREADY_ACTIVATED", "user": 6}}, {"pk": 5, "model": "registration.registrationprofile", "fields": {"activation_key": "adc3b00d5adef67d87c375bc6f49af40387e03f2", "user": 7}}, {"pk": 6, "model": "registration.registrationprofile", "fields": {"activation_key": "ALREADY_ACTIVATED", "user": 8}}, {"pk": 7, "model": "registration.registrationprofile", "fields": {"activation_key": "bcb05222fb327bd9b82483b174dfdc7153984627", "user": 9}}, {"pk": 8, "model": "registration.registrationprofile", "fields": {"activation_key": "b413aa4076334516ca8e284fb037a3044048824e", "user": 10}}, {"pk": 9, "model": "registration.registrationprofile", "fields": {"activation_key": "ALREADY_ACTIVATED", "user": 11}}, {"pk": 10, "model": "registration.registrationprofile", "fields": {"activation_key": "ALREADY_ACTIVATED", "user": 12}}, {"pk": 11, "model": "registration.registrationprofile", "fields": {"activation_key": "ALREADY_ACTIVATED", "user": 13}}, {"pk": 12, "model": "registration.registrationprofile", "fields": {"activation_key": "ALREADY_ACTIVATED", "user": 14}}, {"pk": 13, "model": "registration.registrationprofile", "fields": {"activation_key": "ALREADY_ACTIVATED", "user": 15}}, {"pk": 14, "model": "registration.registrationprofile", "fields": {"activation_key": "ALREADY_ACTIVATED", "user": 16}}, {"pk": 15, "model": "registration.registrationprofile", "fields": {"activation_key": "ALREADY_ACTIVATED", "user": 17}}, {"pk": 16, "model": "registration.registrationprofile", "fields": {"activation_key": "6f0abab6be7376e3a63d42067ce3c06b75703165", "user": 18}}, {"pk": 17, "model": "registration.registrationprofile", "fields": {"activation_key": "6cbc70c008fdb6317c383ea50287e559e794baa6", "user": 19}}, {"pk": 18, "model": "registration.registrationprofile", "fields": {"activation_key": "bc95f69c8d1334efcfcd19e0974d2cfc3ae1c524", "user": 20}}]